{"161934390":{"branch_id":"684e4964-e63b-4bf0-830f-190cf3cd5043","scope":{"type":"project","id":1176460},"user_id":252638,"source_asset_id":null,"source":true,"tags":[],"name":"Skybox","revision":1,"preload":false,"exclude":false,"meta":null,"data":null,"type":"folder","file":null,"path":[],"task":null,"i18n":{},"_type":"http://sharejs.org/types/JSONv0","_v":1,"_m":{"ctime":1703523742042,"mtime":1703523742042},"_o":"655396acdec28c019e66ec28","checkpoint_id":"473a43d3-0215-4b7a-8c6d-13bbfd6e3bdb","id":"161934390"},"161934391":{"branch_id":"684e4964-e63b-4bf0-830f-190cf3cd5043","scope":{"type":"project","id":1176460},"user_id":12,"source_asset_id":null,"source":false,"tags":[],"name":"sky_negy.png","revision":1,"preload":true,"exclude":false,"meta":{"compress":{"alpha":false,"normals":true,"dxt":false,"pvr":false,"pvrBpp":4,"etc1":false,"etc2":false,"basis":false,"quality":128,"compressionMode":"etc"},"format":"png","type":"4.0","width":512,"height":512,"alpha":true,"depth":8,"srgb":true,"interlaced":false},"data":{"addressu":"repeat","addressv":"repeat","minfilter":"linear_mip_linear","magfilter":"linear","anisotropy":1,"rgbm":true,"mipmaps":true,"srgb":false},"type":"texture","file":{"filename":"sky_negy.png","hash":"ff5cfefbc0d5d485bf9a0b9a31b25810","size":152642,"variants":{}},"path":[161934390],"task":null,"i18n":{},"has_thumbnail":true,"immutable_backup":"0a81f465-3156-499f-ad0f-66a8df5ae7a8","same_as_backup":0,"checkpoint_id":"473a43d3-0215-4b7a-8c6d-13bbfd6e3bdb","_type":"http://sharejs.org/types/JSONv0","_v":1,"_m":{"ctime":1703523742042,"mtime":1750534076009},"_o":"685707bc2df54f51228da80e","id":"161934391"},"161934392":{"branch_id":"684e4964-e63b-4bf0-830f-190cf3cd5043","scope":{"type":"project","id":1176460},"user_id":252638,"source_asset_id":null,"source":false,"tags":[],"name":"sky","revision":1,"preload":true,"exclude":false,"meta":null,"data":{"name":"New Cubemap","textures":[161934396,161934393,161934395,161934391,161934394,161934397],"minFilter":5,"magFilter":1,"anisotropy":1,"rgbm":true},"type":"cubemap","file":{"filename":"sky.png","size":147883,"hash":"9a07d61f34e67a5e96fb6e579ce5c813"},"path":[161934390],"task":null,"i18n":{},"_type":"http://sharejs.org/types/JSONv0","_v":1,"_m":{"ctime":1703523742042,"mtime":1703523742042},"_o":"655396f74c4769443c70c84f","immutable_backup":"58626322-7155-4d1d-8032-dc49e2164fee","same_as_backup":1,"checkpoint_id":"473a43d3-0215-4b7a-8c6d-13bbfd6e3bdb","id":"161934392"},"161934393":{"branch_id":"684e4964-e63b-4bf0-830f-190cf3cd5043","scope":{"type":"project","id":1176460},"user_id":12,"source_asset_id":null,"source":false,"tags":[],"name":"sky_negx.png","revision":1,"preload":true,"exclude":false,"meta":{"compress":{"alpha":false,"normals":false,"dxt":false,"pvr":false,"pvrBpp":4,"etc1":false,"etc2":false,"basis":false,"quality":128,"compressionMode":"etc"},"format":"png","type":"4.0","width":512,"height":512,"alpha":true,"depth":8,"srgb":true,"interlaced":false},"data":{"addressu":"repeat","addressv":"repeat","minfilter":"linear_mip_linear","magfilter":"linear","anisotropy":1,"rgbm":true,"mipmaps":true,"srgb":false},"type":"texture","file":{"filename":"sky_negx.png","hash":"34f64e48aa3125598094e24eeb02d574","size":155167,"variants":{}},"path":[161934390],"task":null,"i18n":{},"has_thumbnail":true,"immutable_backup":"a969f28a-e39e-4af6-948d-73ca1c4de5dc","same_as_backup":0,"checkpoint_id":"473a43d3-0215-4b7a-8c6d-13bbfd6e3bdb","_type":"http://sharejs.org/types/JSONv0","_v":1,"_m":{"ctime":1703523742042,"mtime":1750534076008},"_o":"685707bc2df54f397d8da80d","id":"161934393"},"161934394":{"branch_id":"684e4964-e63b-4bf0-830f-190cf3cd5043","scope":{"type":"project","id":1176460},"user_id":12,"source_asset_id":null,"source":false,"tags":[],"name":"sky_posz.png","revision":1,"preload":true,"exclude":false,"meta":{"compress":{"alpha":false,"normals":false,"dxt":false,"pvr":false,"pvrBpp":4,"etc1":false,"etc2":false,"basis":false,"quality":128,"compressionMode":"etc"},"format":"png","type":"4.0","width":512,"height":512,"alpha":true,"depth":8,"srgb":true,"interlaced":false},"data":{"addressu":"repeat","addressv":"repeat","minfilter":"linear_mip_linear","magfilter":"linear","anisotropy":1,"rgbm":true,"mipmaps":true,"srgb":false},"type":"texture","file":{"filename":"sky_posz.png","hash":"53a9aab04b23a2e8f7be2d99115ca09d","size":198593,"variants":{}},"path":[161934390],"task":null,"i18n":{},"has_thumbnail":true,"immutable_backup":"a8a6cd41-176c-4ee2-b73a-2f24da0a0d82","same_as_backup":0,"checkpoint_id":"473a43d3-0215-4b7a-8c6d-13bbfd6e3bdb","_type":"http://sharejs.org/types/JSONv0","_v":1,"_m":{"ctime":1703523742042,"mtime":1750534076010},"_o":"685707bc2df54fd6168da812","id":"161934394"},"161934395":{"branch_id":"684e4964-e63b-4bf0-830f-190cf3cd5043","scope":{"type":"project","id":1176460},"user_id":12,"source_asset_id":null,"source":false,"tags":[],"name":"sky_posy.png","revision":1,"preload":true,"exclude":false,"meta":{"compress":{"alpha":false,"normals":true,"dxt":false,"pvr":false,"pvrBpp":4,"etc1":false,"etc2":false,"basis":false,"quality":128,"compressionMode":"etc"},"format":"png","type":"4.0","width":512,"height":512,"alpha":true,"depth":8,"srgb":true,"interlaced":false},"data":{"addressu":"repeat","addressv":"repeat","minfilter":"linear_mip_linear","magfilter":"linear","anisotropy":1,"rgbm":true,"mipmaps":true,"srgb":false},"type":"texture","file":{"filename":"sky_posy.png","hash":"f11af8966b2e0fe99e343108d777403d","size":170046,"variants":{}},"path":[161934390],"task":null,"i18n":{},"has_thumbnail":true,"immutable_backup":"78eeba3d-10c1-4985-b609-5773115a9464","same_as_backup":0,"checkpoint_id":"473a43d3-0215-4b7a-8c6d-13bbfd6e3bdb","_type":"http://sharejs.org/types/JSONv0","_v":1,"_m":{"ctime":1703523742042,"mtime":1750534076009},"_o":"685707bc2df54f521f8da813","id":"161934395"},"161934396":{"branch_id":"684e4964-e63b-4bf0-830f-190cf3cd5043","scope":{"type":"project","id":1176460},"user_id":12,"source_asset_id":null,"source":false,"tags":[],"name":"sky_posx.png","revision":1,"preload":true,"exclude":false,"meta":{"compress":{"alpha":false,"normals":false,"dxt":false,"pvr":false,"pvrBpp":4,"etc1":false,"etc2":false,"basis":false,"quality":128,"compressionMode":"etc"},"format":"png","type":"4.0","width":512,"height":512,"alpha":true,"depth":8,"srgb":true,"interlaced":false},"data":{"addressu":"repeat","addressv":"repeat","minfilter":"linear_mip_linear","magfilter":"linear","anisotropy":1,"rgbm":true,"mipmaps":true,"srgb":false},"type":"texture","file":{"filename":"sky_posx.png","hash":"bb45a6c2eed8c3763777eaed6f44527f","size":172680,"variants":{}},"path":[161934390],"task":null,"i18n":{},"has_thumbnail":true,"immutable_backup":"9a38657c-3a05-4ca5-bb2c-896826dd1bdc","same_as_backup":0,"checkpoint_id":"473a43d3-0215-4b7a-8c6d-13bbfd6e3bdb","_type":"http://sharejs.org/types/JSONv0","_v":1,"_m":{"ctime":1703523742042,"mtime":1750534076009},"_o":"685707bc2df54f0ca88da811","id":"161934396"},"161934397":{"branch_id":"684e4964-e63b-4bf0-830f-190cf3cd5043","scope":{"type":"project","id":1176460},"user_id":12,"source_asset_id":null,"source":false,"tags":[],"name":"sky_negz.png","revision":1,"preload":true,"exclude":false,"meta":{"compress":{"alpha":false,"normals":false,"dxt":false,"pvr":false,"pvrBpp":4,"etc1":false,"etc2":false,"basis":false,"quality":128,"compressionMode":"etc"},"format":"png","type":"4.0","width":512,"height":512,"alpha":true,"depth":8,"srgb":true,"interlaced":false},"data":{"addressu":"repeat","addressv":"repeat","minfilter":"linear_mip_linear","magfilter":"linear","anisotropy":1,"rgbm":true,"mipmaps":true,"srgb":false},"type":"texture","file":{"filename":"sky_negz.png","hash":"2be10e522c5e12bc0b791b48181895b9","size":147065,"variants":{}},"path":[161934390],"task":null,"i18n":{},"has_thumbnail":true,"immutable_backup":"3c268b30-3ab1-4f82-b42c-1fa7e0f95986","same_as_backup":0,"checkpoint_id":"473a43d3-0215-4b7a-8c6d-13bbfd6e3bdb","_type":"http://sharejs.org/types/JSONv0","_v":1,"_m":{"ctime":1703523742042,"mtime":1750534076009},"_o":"685707bc2df54f52888da80f","id":"161934397"},"161934598":{"branch_id":"684e4964-e63b-4bf0-830f-190cf3cd5043","scope":{"type":"project","id":1176460},"user_id":499541,"source_asset_id":null,"source":false,"tags":[],"name":"bowlingpin.png","revision":1,"preload":true,"exclude":false,"meta":{"compress":{"alpha":false,"normals":false,"dxt":false,"pvr":false,"pvrBpp":4,"etc1":false,"etc2":false,"basis":false,"quality":128,"compressionMode":"etc"},"format":"png","type":"4.0","width":1984,"height":1985,"alpha":true,"depth":8,"srgb":true,"interlaced":false},"data":{"addressu":"repeat","addressv":"repeat","minfilter":"linear_mip_linear","magfilter":"linear","anisotropy":1,"rgbm":false,"mipmaps":true,"srgb":true},"type":"texture","file":{"filename":"bowlingpin.png","size":324101,"hash":"719a1b54c7a42970e009e91f66ab205f","variants":{}},"path":[161934674],"task":null,"i18n":{},"has_thumbnail":true,"immutable_backup":"efb1483a-512d-4673-828b-27fc96503c15","same_as_backup":0,"checkpoint_id":"473a43d3-0215-4b7a-8c6d-13bbfd6e3bdb","_type":"http://sharejs.org/types/JSONv0","_v":1,"_m":{"ctime":1703524381747,"mtime":1750534076007},"_o":"685707bc2df54fcbb38da810","id":"161934598"},"161934611":{"branch_id":"684e4964-e63b-4bf0-830f-190cf3cd5043","scope":{"type":"project","id":1176460},"user_id":499541,"source_asset_id":null,"source":false,"tags":[],"name":"BowlingLane.jpg","revision":1,"preload":true,"exclude":false,"meta":{"compress":{"alpha":false,"normals":false,"dxt":false,"pvr":false,"pvrBpp":4,"etc1":false,"etc2":false,"basis":false,"quality":128,"compressionMode":"etc"},"format":"jpeg","type":"","width":541,"height":360,"alpha":false,"depth":8,"srgb":true,"interlaced":false},"data":{"addressu":"repeat","addressv":"repeat","minfilter":"linear_mip_linear","magfilter":"linear","anisotropy":1,"rgbm":false,"mipmaps":true,"srgb":true},"type":"texture","file":{"filename":"BowlingLane.jpg","size":45501,"hash":"325367a59df7068bc5dce5cd52211153","variants":{}},"path":[161934674],"task":null,"i18n":{},"has_thumbnail":true,"immutable_backup":"c14d4ec1-406f-4768-b2d2-2d28b7dbce21","same_as_backup":0,"checkpoint_id":"473a43d3-0215-4b7a-8c6d-13bbfd6e3bdb","_type":"http://sharejs.org/types/JSONv0","_v":1,"_m":{"ctime":1703524494259,"mtime":1750534076007},"_o":"685707bc2df54f76068da80c","id":"161934611"},"161934621":{"branch_id":"684e4964-e63b-4bf0-830f-190cf3cd5043","scope":{"type":"project","id":1176460},"user_id":499541,"source_asset_id":null,"source":true,"tags":[],"name":"Bowlingpin.obj","revision":1,"preload":false,"exclude":false,"meta":null,"data":null,"type":"folder","file":null,"path":[161934674],"task":null,"i18n":{},"_type":"http://sharejs.org/types/JSONv0","_v":1,"_m":{"ctime":1703524643579,"mtime":1703525259234},"_o":"6589bb8b3b96c1840caf0e46","checkpoint_id":"473a43d3-0215-4b7a-8c6d-13bbfd6e3bdb","id":"161934621"},"161934622":{"branch_id":"684e4964-e63b-4bf0-830f-190cf3cd5043","scope":{"type":"project","id":1176460},"user_id":499541,"source_asset_id":null,"source":true,"tags":[],"name":"Bowlingpin.obj","revision":1,"preload":false,"exclude":false,"meta":{"model":{"file":"model.glb","name":"Bowlingpin.glb"},"textures":[],"materials":[{"name":"objCylinder01Mat","textures":[]}],"mappings":[0],"animations":[],"scene":{"file":"scene.json","name":"Bowlingpin"}},"data":null,"type":"scene","file":{"filename":"Bowlingpin.obj","size":739922,"hash":"6fd63578867db81bb56dcddd315f6cbc"},"path":[161934674,161934621],"task":null,"i18n":{},"_type":"http://sharejs.org/types/JSONv0","_v":1,"_m":{"ctime":1703524647669,"mtime":1703525259235},"_o":"6589bb8b3b96c13966af0e48","immutable_backup":"038e55a2-3f26-48c2-9cf2-b46847408091","same_as_backup":1,"checkpoint_id":"473a43d3-0215-4b7a-8c6d-13bbfd6e3bdb","id":"161934622"},"161934623":{"scope":{"type":"project","id":1176460},"user_id":499541,"branch_id":"684e4964-e63b-4bf0-830f-190cf3cd5043","source_asset_id":"161934622","tags":[],"name":"objCylinder01Mat","revision":1,"source":false,"preload":true,"meta":{"index":0},"data":{"shader":"blinn","blendType":3,"cull":1,"useLighting":true,"twoSidedLighting":false,"useMetalness":false,"useMetalnessSpecularColor":false,"depthWrite":true,"emissiveTint":true,"glossInvert":false,"clearCoatGlossInvert":false,"sheenGlossInvert":false,"useDynamicRefraction":false,"useSheen":false,"diffuseTint":true,"specularTint":false,"sheenTint":true,"useIridescence":false,"metalness":1,"shininess":39.2903,"opacity":1,"bumpMapFactor":1,"reflectivity":1,"alphaTest":0,"clearCoat":0,"clearCoatGloss":1,"clearCoatBumpiness":1,"specularityFactor":1,"refractionIndex":0.666667,"refraction":0,"sheenGloss":0,"thickness":0,"attenuationDistance":0,"emissiveIntensity":1,"iridescence":0,"iridescenceRefractionIndex":0.666667,"iridescenceThicknessMin":0,"iridescenceThicknessMax":0,"ambient":[1,1,1],"diffuse":[1,1,1],"emissive":[0,0,0],"specular":[0.2,0.2,0.2],"sheen":[1,1,1],"attenuation":[1,1,1],"ambientTint":true,"aoMap":null,"aoMapChannel":"r","aoMapUv":0,"aoMapTiling":[1,1],"aoMapOffset":[0,0],"aoMapRotation":0,"diffuseMap":161934598,"diffuseMapChannel":"rgb","diffuseMapUv":0,"diffuseMapTiling":[1,1],"diffuseMapOffset":[0,0],"diffuseMapRotation":0,"specularMap":null,"specularMapChannel":"rgb","specularMapUv":0,"specularMapTiling":[1,1],"specularMapOffset":[0,0],"specularMapRotation":0,"specularAntialias":true,"occludeSpecular":1,"specularityFactorMap":null,"specularityFactorMapChannel":"r","specularityFactorMapUv":0,"specularityFactorMapTiling":[1,1],"specularityFactorMapOffset":[0,0],"specularityFactorMapRotation":0,"enableGGXSpecular":false,"anisotropy":0,"metalnessMap":null,"metalnessMapChannel":"r","metalnessMapUv":0,"metalnessMapTiling":[1,1],"metalnessMapOffset":[0,0],"metalnessMapRotation":0,"conserveEnergy":true,"glossMap":null,"glossMapChannel":"r","glossMapUv":0,"glossMapTiling":[1,1],"glossMapOffset":[0,0],"glossMapRotation":0,"clearCoatMap":null,"clearCoatMapChannel":"r","clearCoatMapUv":0,"clearCoatMapTiling":[1,1],"clearCoatMapOffset":[0,0],"clearCoatMapRotation":0,"clearCoatVertexColor":false,"clearCoatVertexColorChannel":"r","clearCoatGlossMap":null,"clearCoatGlossMapChannel":"r","clearCoatGlossMapUv":0,"clearCoatGlossMapTiling":[1,1],"clearCoatGlossMapOffset":[0,0],"clearCoatGlossMapRotation":0,"clearCoatGlossVertexColor":false,"clearCoatGlossVertexColorChannel":"r","clearCoatNormalMap":null,"clearCoatNormalMapUv":0,"clearCoatNormalMapTiling":[1,1],"clearCoatNormalMapOffset":[0,0],"clearCoatNormalMapRotation":0,"sheenMap":null,"sheenMapChannel":"rgb","sheenMapUv":0,"sheenMapTiling":[1,1],"sheenMapOffset":[0,0],"sheenMapRotation":0,"sheenGlossMap":null,"sheenGlossMapChannel":"r","sheenGlossMapUv":0,"sheenGlossMapTiling":[1,1],"sheenGlossMapOffset":[0,0],"sheenGlossMapRotation":0,"emissiveMap":null,"emissiveMapChannel":"rgb","emissiveMapUv":0,"emissiveMapTiling":[1,1],"emissiveMapOffset":[0,0],"emissiveMapRotation":0,"normalMap":null,"normalMapUv":0,"normalMapTiling":[1,1],"normalMapOffset":[0,0],"normalMapRotation":0,"refractionMap":null,"refractionMapChannel":"r","refractionMapUv":0,"refractionMapTiling":[1,1],"refractionMapOffset":[0,0],"refractionMapRotation":0,"refractionVertexColor":false,"refractionVertexColorChannel":"r","thicknessMap":null,"thicknessMapChannel":"r","thicknessMapUv":0,"thicknessMapTiling":[1,1],"thicknessMapOffset":[0,0],"thicknessMapRotation":0,"thicknessVertexColor":false,"thicknessVertexColorChannel":"r","iridescenceMap":null,"iridescenceMapChannel":"r","iridescenceMapUv":0,"iridescenceMapTiling":[1,1],"iridescenceMapOffset":[0,0],"iridescenceMapRotation":0,"iridescenceThicknessMap":null,"iridescenceThicknessMapChannel":"r","iridescenceThicknessMapUv":0,"iridescenceThicknessMapTiling":[1,1],"iridescenceThicknessMapOffset":[0,0],"iridescenceThicknessMapRotation":0,"heightMap":null,"heightMapChannel":"r","heightMapUv":0,"heightMapTiling":[1,1],"heightMapOffset":[0,0],"heightMapRotation":0,"heightMapFactor":1,"alphaToCoverage":false,"alphaFade":1,"opacityMap":null,"opacityMapChannel":"r","opacityMapUv":0,"opacityMapTiling":[1,1],"opacityMapOffset":[0,0],"opacityMapRotation":0,"opacityFadesSpecular":true,"sphereMap":null,"cubeMap":null,"cubeMapProjection":0,"cubeMapProjectionBox":{"center":[0,0,0],"halfExtents":[0.5,0.5,0.5]},"lightMap":null,"lightMapChannel":"rgb","lightMapUv":0,"lightMapTiling":[1,1],"lightMapOffset":[0,0],"lightMapRotation":0,"depthTest":true,"useFog":true,"useSkybox":true,"useGammaTonemap":true,"useTonemap":true,"metalnessTint":true,"sheenGlossTint":true},"type":"material","file":null,"path":[161934674,161934621],"task":null,"i18n":{},"checkpoint_id":"473a43d3-0215-4b7a-8c6d-13bbfd6e3bdb","_type":"http://sharejs.org/types/JSONv0","_v":1,"_m":{"ctime":1703524649863,"mtime":1750534076001},"_o":"685707bc2df54f3fbc8da806","id":"161934623"},"161934624":{"scope":{"type":"project","id":1176460},"user_id":499541,"branch_id":"684e4964-e63b-4bf0-830f-190cf3cd5043","source_asset_id":"161934622","tags":[],"name":"Bowlingpin.glb","revision":1,"source":false,"preload":true,"meta":null,"data":{},"type":"container","file":{"hash":"5ca2e984127eb3fa82307e3ddad6ad99","size":238916,"filename":"Bowlingpin.glb"},"path":[161934674,161934621],"task":null,"i18n":{},"_type":"http://sharejs.org/types/JSONv0","_v":1,"_m":{"ctime":1703524649887,"mtime":1703525259234},"_o":"6589bb8b3b96c10ea0af0e47","immutable_backup":"c782555f-4e9b-4870-bcf9-c68ed623d70e","same_as_backup":1,"checkpoint_id":"473a43d3-0215-4b7a-8c6d-13bbfd6e3bdb","id":"161934624"},"161934625":{"scope":{"type":"project","id":1176460},"user_id":499541,"branch_id":"684e4964-e63b-4bf0-830f-190cf3cd5043","source_asset_id":null,"tags":[],"name":"objCylinder01","revision":1,"source":false,"preload":true,"meta":{"meshes":1,"skinned":false,"vertices":5463,"triangles":10512,"attributes":{"POSITION":1,"NORMAL":1,"TEXCOORD_0":1},"meshCompression":"none"},"data":{"containerAsset":161934624,"renderIndex":0},"type":"render","path":[161934674,161934621],"file":null,"task":null,"i18n":{},"_type":"http://sharejs.org/types/JSONv0","_v":1,"_m":{"ctime":1703524650417,"mtime":1703525259228},"_o":"6589bb8b3b96c14dfbaf0e3e","checkpoint_id":"473a43d3-0215-4b7a-8c6d-13bbfd6e3bdb","id":"161934625"},"161934626":{"scope":{"type":"project","id":1176460},"user_id":499541,"branch_id":"684e4964-e63b-4bf0-830f-190cf3cd5043","source_asset_id":null,"tags":[],"name":"Bowlingpin","revision":1,"source":false,"preload":true,"meta":{"containerAsset":161934624},"data":{"entities":{"1ebe24e7-d6f7-4b97-b53e-4fb22e423fdb":{"enabled":true,"tags":[],"children":["5678cb76-f5dc-4d79-9858-7aa3c7cbc054"],"position":[0,0,0],"rotation":[0,0,0],"scale":[0.01,0.01,0.01],"resource_id":"1ebe24e7-d6f7-4b97-b53e-4fb22e423fdb","name":"RootNode","components":{"collision":{"enabled":true,"type":"box","halfExtents":[0.085,0.083,0.381],"radius":0.5,"axis":1,"height":2,"asset":null,"renderAsset":null,"linearOffset":[0,0,0],"angularOffset":[0,0,0]},"rigidbody":{"enabled":true,"type":"dynamic","mass":1,"linearDamping":0,"angularDamping":0,"linearFactor":[1,1,1],"angularFactor":[1,1,1],"friction":0.5,"restitution":0.5}},"parent":null},"5678cb76-f5dc-4d79-9858-7aa3c7cbc054":{"enabled":true,"tags":[],"children":["88ccd6f6-c95a-46d4-a0bc-285fb47b6e3c"],"position":[0,0,0],"rotation":[0,0,0],"scale":[1,1,1],"resource_id":"5678cb76-f5dc-4d79-9858-7aa3c7cbc054","name":"Bowlingpin_root","components":{},"parent":"1ebe24e7-d6f7-4b97-b53e-4fb22e423fdb"},"88ccd6f6-c95a-46d4-a0bc-285fb47b6e3c":{"enabled":true,"tags":[],"children":[],"position":[0,0,0],"rotation":[0,0,0],"scale":[1,1,1],"resource_id":"88ccd6f6-c95a-46d4-a0bc-285fb47b6e3c","name":"objCylinder01","components":{"render":{"enabled":true,"type":"asset","asset":161934625,"materialAssets":[161934623],"layers":[0],"batchGroupId":null,"castShadows":true,"castShadowsLightmap":true,"receiveShadows":true,"lightmapped":false,"lightmapSizeMultiplier":1,"castShadowsLightMap":true,"lightMapped":false,"lightMapSizeMultiplier":1,"isStatic":false,"rootBone":null}},"parent":"5678cb76-f5dc-4d79-9858-7aa3c7cbc054"}}},"type":"template","path":[161934674,161934621],"file":null,"task":null,"i18n":{},"checkpoint_id":"473a43d3-0215-4b7a-8c6d-13bbfd6e3bdb","_type":"http://sharejs.org/types/JSONv0","_v":1,"_m":{"ctime":1703524650724,"mtime":1703671000913},"_o":"658bf4d8a8caf346580f5a13","id":"161934626"},"161934674":{"branch_id":"684e4964-e63b-4bf0-830f-190cf3cd5043","scope":{"type":"project","id":1176460},"user_id":499541,"source_asset_id":null,"source":true,"tags":[],"name":"Bowling","revision":1,"preload":false,"exclude":false,"meta":null,"data":null,"type":"folder","file":null,"path":[],"task":null,"i18n":{},"_type":"http://sharejs.org/types/JSONv0","_v":1,"_m":{"ctime":1703525234630,"mtime":1703525255492},"_o":"6589bb87628bcf6a6e22386e","checkpoint_id":"473a43d3-0215-4b7a-8c6d-13bbfd6e3bdb","id":"161934674"},"161934675":{"branch_id":"684e4964-e63b-4bf0-830f-190cf3cd5043","scope":{"type":"project","id":1176460},"user_id":499541,"source_asset_id":null,"source":false,"tags":[],"name":"New Material","revision":1,"preload":true,"exclude":false,"meta":null,"data":{"ambient":[1,1,1],"ambientTint":true,"aoMap":null,"aoMapChannel":"r","aoMapUv":0,"aoMapTiling":[1,1],"aoMapOffset":[0,0],"aoMapRotation":0,"diffuse":[1,1,1],"diffuseMap":161934611,"diffuseMapChannel":"rgb","diffuseMapUv":0,"diffuseMapTiling":[1,1],"diffuseMapOffset":[0,0],"diffuseMapRotation":0,"specular":[0.23,0.23,0.23],"specularMap":null,"specularMapChannel":"rgb","specularMapUv":0,"specularMapTiling":[1,1],"specularMapOffset":[0,0],"specularMapRotation":0,"specularAntialias":true,"occludeSpecular":1,"specularityFactor":1,"specularityFactorMap":null,"specularityFactorMapChannel":"r","specularityFactorMapUv":0,"specularityFactorMapTiling":[1,1],"specularityFactorMapOffset":[0,0],"specularityFactorMapRotation":0,"enableGGXSpecular":false,"anisotropy":0,"useMetalness":false,"metalness":1,"metalnessMap":null,"metalnessMapChannel":"r","metalnessMapUv":0,"metalnessMapTiling":[1,1],"metalnessMapOffset":[0,0],"metalnessMapRotation":0,"useMetalnessSpecularColor":false,"conserveEnergy":true,"shininess":32,"glossMap":null,"glossMapChannel":"r","glossMapUv":0,"glossMapTiling":[1,1],"glossMapOffset":[0,0],"glossMapRotation":0,"glossInvert":false,"clearCoat":0,"clearCoatMap":null,"clearCoatMapChannel":"r","clearCoatMapUv":0,"clearCoatMapTiling":[1,1],"clearCoatMapOffset":[0,0],"clearCoatMapRotation":0,"clearCoatVertexColor":false,"clearCoatVertexColorChannel":"r","clearCoatGloss":1,"clearCoatGlossMap":null,"clearCoatGlossMapChannel":"r","clearCoatGlossMapUv":0,"clearCoatGlossMapTiling":[1,1],"clearCoatGlossMapOffset":[0,0],"clearCoatGlossMapRotation":0,"clearCoatGlossVertexColor":false,"clearCoatGlossVertexColorChannel":"r","clearCoatBumpiness":1,"clearCoatGlossInvert":false,"clearCoatNormalMap":null,"clearCoatNormalMapUv":0,"clearCoatNormalMapTiling":[1,1],"clearCoatNormalMapOffset":[0,0],"clearCoatNormalMapRotation":0,"useSheen":false,"sheen":[0,0,0],"sheenMap":null,"sheenMapChannel":"rgb","sheenMapUv":0,"sheenMapTiling":[1,1],"sheenMapOffset":[0,0],"sheenMapRotation":0,"sheenGloss":0,"sheenGlossMap":null,"sheenGlossMapChannel":"r","sheenGlossMapUv":0,"sheenGlossMapTiling":[1,1],"sheenGlossMapOffset":[0,0],"sheenGlossMapRotation":0,"sheenGlossInvert":false,"emissive":[0,0,0],"emissiveMap":null,"emissiveMapChannel":"rgb","emissiveMapUv":0,"emissiveMapTiling":[1,1],"emissiveMapOffset":[0,0],"emissiveMapRotation":0,"emissiveIntensity":1,"normalMap":null,"normalMapUv":0,"normalMapTiling":[1,1],"normalMapOffset":[0,0],"normalMapRotation":0,"bumpMapFactor":1,"useDynamicRefraction":false,"refraction":0,"refractionMap":null,"refractionMapChannel":"r","refractionMapUv":0,"refractionMapTiling":[1,1],"refractionMapOffset":[0,0],"refractionMapRotation":0,"refractionVertexColor":false,"refractionVertexColorChannel":"r","refractionIndex":0.6666666666666666,"thickness":0,"thicknessMap":null,"thicknessMapChannel":"r","thicknessMapUv":0,"thicknessMapTiling":[1,1],"thicknessMapOffset":[0,0],"thicknessMapRotation":0,"thicknessVertexColor":false,"thicknessVertexColorChannel":"r","attenuation":[1,1,1],"attenuationDistance":0,"useIridescence":false,"iridescence":0,"iridescenceMap":null,"iridescenceMapChannel":"r","iridescenceMapUv":0,"iridescenceMapTiling":[1,1],"iridescenceMapOffset":[0,0],"iridescenceMapRotation":0,"iridescenceRefractionIndex":0.667,"iridescenceThicknessMap":null,"iridescenceThicknessMapChannel":"r","iridescenceThicknessMapUv":0,"iridescenceThicknessMapTiling":[1,1],"iridescenceThicknessMapOffset":[0,0],"iridescenceThicknessMapRotation":0,"iridescenceThicknessMin":0,"iridescenceThicknessMax":0,"heightMap":null,"heightMapChannel":"r","heightMapUv":0,"heightMapTiling":[1,1],"heightMapOffset":[0,0],"heightMapRotation":0,"heightMapFactor":1,"alphaToCoverage":false,"alphaTest":0,"alphaFade":1,"opacity":1,"opacityMap":null,"opacityMapChannel":"r","opacityMapUv":0,"opacityMapTiling":[1,1],"opacityMapOffset":[0,0],"opacityMapRotation":0,"opacityFadesSpecular":true,"reflectivity":1,"sphereMap":null,"cubeMap":null,"cubeMapProjection":0,"cubeMapProjectionBox":{"center":[0,0,0],"halfExtents":[0.5,0.5,0.5]},"lightMap":null,"lightMapChannel":"rgb","lightMapUv":0,"lightMapTiling":[1,1],"lightMapOffset":[0,0],"lightMapRotation":0,"depthTest":true,"depthWrite":true,"cull":1,"blendType":3,"shader":"blinn","useFog":true,"useLighting":true,"useSkybox":true,"useGammaTonemap":true,"useTonemap":true,"diffuseTint":true,"emissiveTint":true,"metalnessTint":true,"sheenTint":true,"sheenGlossTint":true},"type":"material","file":null,"path":[161934674],"task":null,"i18n":{},"checkpoint_id":"473a43d3-0215-4b7a-8c6d-13bbfd6e3bdb","_type":"http://sharejs.org/types/JSONv0","_v":1,"_m":{"ctime":1703525310238,"mtime":1750534076001},"_o":"685707bc2df54f50198da807","id":"161934675"},"161934805":{"scope":{"type":"project","id":1176460},"user_id":196751,"source_asset_id":null,"source":false,"tags":[],"name":"ammo.js","revision":1,"preload":false,"meta":null,"data":{"order":100,"scripts":{},"loadingType":0},"type":"script","file":{"filename":"ammo.js","size":1895438,"hash":"34480c72ed787337db20c105cb9ba69d"},"path":[161934808],"task":null,"i18n":{},"branch_id":"684e4964-e63b-4bf0-830f-190cf3cd5043","license":{"id":"zlib","author":"kripken","authorUrl":"https://github.com/kripken/ammo.js/blob/main/LICENSE"},"has_thumbnail":false,"_type":"http://sharejs.org/types/JSONv0","_v":1,"_m":{"ctime":1703526135734,"mtime":1703526136059},"_o":"6589bef8afa24b31bb0a2de5","immutable_backup":"b9524adc-7f17-4826-8be0-d350e13c384d","same_as_backup":1,"checkpoint_id":"473a43d3-0215-4b7a-8c6d-13bbfd6e3bdb","id":"161934805"},"161934806":{"scope":{"type":"project","id":1176460},"user_id":196751,"source_asset_id":null,"source":false,"tags":[],"name":"ammo.wasm.js","revision":1,"preload":false,"meta":null,"data":{"order":100,"scripts":{},"loadingType":0},"type":"script","file":{"filename":"ammo.wasm.js","size":391789,"hash":"6b7ab3989e4f9f17c86e44380f9181c6"},"path":[161934808],"task":null,"i18n":{},"branch_id":"684e4964-e63b-4bf0-830f-190cf3cd5043","license":{"id":"zlib","author":"kripken","authorUrl":"https://github.com/kripken/ammo.js/blob/main/LICENSE"},"has_thumbnail":false,"_type":"http://sharejs.org/types/JSONv0","_v":1,"_m":{"ctime":1703526135734,"mtime":1703526136101},"_o":"6589bef8afa24b0b120a2de6","immutable_backup":"f23a62ca-fbf8-473b-9b03-c848787075e1","same_as_backup":1,"checkpoint_id":"473a43d3-0215-4b7a-8c6d-13bbfd6e3bdb","id":"161934806"},"161934807":{"scope":{"type":"project","id":1176460},"user_id":196751,"source_asset_id":null,"source":false,"tags":[],"name":"ammo.wasm.wasm","revision":1,"preload":true,"meta":null,"data":{"moduleName":"Ammo","glueScriptId":161934806,"fallbackScriptId":161934805},"type":"wasm","file":{"filename":"ammo.wasm.wasm","size":659433,"hash":"a6819ea71a53e67f1dfe3e42957c2971"},"path":[161934808],"task":null,"i18n":{},"branch_id":"684e4964-e63b-4bf0-830f-190cf3cd5043","license":{"id":"zlib","author":"kripken","authorUrl":"https://github.com/kripken/ammo.js/blob/main/LICENSE"},"has_thumbnail":false,"_type":"http://sharejs.org/types/JSONv0","_v":1,"_m":{"ctime":1703526135734,"mtime":1703526136107},"_o":"6589bef8afa24b50850a2de7","immutable_backup":"1c069089-d07a-447b-931d-367c9e005b42","same_as_backup":1,"checkpoint_id":"473a43d3-0215-4b7a-8c6d-13bbfd6e3bdb","id":"161934807"},"161934808":{"scope":{"type":"project","id":1176460},"branch_id":"684e4964-e63b-4bf0-830f-190cf3cd5043","user_id":499541,"source_asset_id":null,"revision":1,"meta":null,"file":null,"task":null,"i18n":{},"_type":"http://sharejs.org/types/JSONv0","_v":1,"_m":{"ctime":1703526135744,"mtime":1703526135744},"name":"ammo.js","type":"folder","source":true,"preload":false,"data":null,"path":[],"checkpoint_id":"473a43d3-0215-4b7a-8c6d-13bbfd6e3bdb","id":"161934808"},"161934842":{"branch_id":"684e4964-e63b-4bf0-830f-190cf3cd5043","_type":"http://sharejs.org/types/JSONv0","_v":1,"_m":{"ctime":1703526993017,"mtime":1703526993017},"scope":{"type":"project","id":1176460},"user_id":499541,"source_asset_id":null,"source":true,"tags":[],"name":"Bowlingpin.fbx","revision":1,"preload":false,"exclude":false,"meta":null,"data":null,"type":"folder","file":null,"path":[161934674],"task":null,"i18n":{},"checkpoint_id":"473a43d3-0215-4b7a-8c6d-13bbfd6e3bdb","id":"161934842"},"161934843":{"branch_id":"684e4964-e63b-4bf0-830f-190cf3cd5043","scope":{"type":"project","id":1176460},"user_id":499541,"source_asset_id":null,"source":true,"tags":[],"name":"Bowlingpin.fbx","revision":1,"preload":false,"exclude":false,"meta":{"model":{"file":"model.glb","name":"Bowlingpin.glb"},"textures":[],"materials":[{"name":"Pin_Baked","textures":[0,1,2,3]}],"mappings":[0],"animations":[],"scene":{"file":"scene.json","name":"Bowlingpin"}},"data":null,"type":"scene","file":{"filename":"Bowlingpin.fbx","size":100204,"hash":"ca9f33e9d569a74dc19f32b3cfc4b7ed"},"path":[161934674,161934842],"task":null,"i18n":{},"_type":"http://sharejs.org/types/JSONv0","_v":1,"_m":{"ctime":1703526994251,"mtime":1703526997351},"_o":"6589c2554ab6f2d885ca2b0c","immutable_backup":"ae9899de-7bd1-4ce5-9c2f-7cd6ab13abd5","same_as_backup":1,"checkpoint_id":"473a43d3-0215-4b7a-8c6d-13bbfd6e3bdb","id":"161934843"},"161934844":{"scope":{"type":"project","id":1176460},"user_id":499541,"branch_id":"684e4964-e63b-4bf0-830f-190cf3cd5043","source_asset_id":"161934843","tags":[],"name":"Bowlingpin.glb","revision":1,"source":false,"preload":true,"meta":null,"data":{},"type":"container","file":{"hash":"bc16e93abbfec639eb525702f8913523","size":77092,"filename":"Bowlingpin.glb"},"path":[161934674,161934842],"task":null,"i18n":{},"_type":"http://sharejs.org/types/JSONv0","_v":1,"_m":{"ctime":1703526996121,"mtime":1703526996539},"_o":"6589c254f3bf9caf2b11d528","immutable_backup":"23dcdad4-235e-4f95-9302-6afe271ea8f6","same_as_backup":1,"checkpoint_id":"473a43d3-0215-4b7a-8c6d-13bbfd6e3bdb","id":"161934844"},"161934845":{"scope":{"type":"project","id":1176460},"user_id":499541,"branch_id":"684e4964-e63b-4bf0-830f-190cf3cd5043","source_asset_id":"161934843","tags":[],"name":"Pin_Baked","revision":1,"source":false,"preload":true,"meta":{"index":0},"data":{"shader":"blinn","blendType":3,"cull":1,"useLighting":true,"twoSidedLighting":false,"useMetalness":false,"useMetalnessSpecularColor":false,"depthWrite":true,"emissiveTint":true,"glossInvert":false,"clearCoatGlossInvert":false,"sheenGlossInvert":false,"useDynamicRefraction":false,"useSheen":false,"diffuseTint":true,"specularTint":false,"sheenTint":true,"useIridescence":false,"metalness":1,"shininess":42.2169,"opacity":1,"bumpMapFactor":1,"reflectivity":0,"alphaTest":0,"clearCoat":0,"clearCoatGloss":1,"clearCoatBumpiness":1,"specularityFactor":1,"refractionIndex":0.666667,"refraction":0,"sheenGloss":0,"thickness":0,"attenuationDistance":0,"emissiveIntensity":1,"iridescence":0,"iridescenceRefractionIndex":0.666667,"iridescenceThicknessMin":0,"iridescenceThicknessMax":0,"ambient":[1,1,1],"diffuse":[0.8,0.8,0.8],"emissive":[0,0,0],"specular":[0.2,0.2,0.2],"sheen":[1,1,1],"attenuation":[1,1,1],"diffuseMap":null,"specularMap":null,"glossMap":null,"normalMap":null,"ambientTint":true,"aoMap":null,"aoMapChannel":"r","aoMapUv":0,"aoMapTiling":[1,1],"aoMapOffset":[0,0],"aoMapRotation":0,"diffuseMapChannel":"rgb","diffuseMapUv":0,"diffuseMapTiling":[1,1],"diffuseMapOffset":[0,0],"diffuseMapRotation":0,"specularMapChannel":"rgb","specularMapUv":0,"specularMapTiling":[1,1],"specularMapOffset":[0,0],"specularMapRotation":0,"specularAntialias":true,"occludeSpecular":1,"specularityFactorMap":null,"specularityFactorMapChannel":"r","specularityFactorMapUv":0,"specularityFactorMapTiling":[1,1],"specularityFactorMapOffset":[0,0],"specularityFactorMapRotation":0,"enableGGXSpecular":false,"anisotropy":0,"metalnessMap":null,"metalnessMapChannel":"r","metalnessMapUv":0,"metalnessMapTiling":[1,1],"metalnessMapOffset":[0,0],"metalnessMapRotation":0,"conserveEnergy":true,"glossMapChannel":"r","glossMapUv":0,"glossMapTiling":[1,1],"glossMapOffset":[0,0],"glossMapRotation":0,"clearCoatMap":null,"clearCoatMapChannel":"r","clearCoatMapUv":0,"clearCoatMapTiling":[1,1],"clearCoatMapOffset":[0,0],"clearCoatMapRotation":0,"clearCoatVertexColor":false,"clearCoatVertexColorChannel":"r","clearCoatGlossMap":null,"clearCoatGlossMapChannel":"r","clearCoatGlossMapUv":0,"clearCoatGlossMapTiling":[1,1],"clearCoatGlossMapOffset":[0,0],"clearCoatGlossMapRotation":0,"clearCoatGlossVertexColor":false,"clearCoatGlossVertexColorChannel":"r","clearCoatNormalMap":null,"clearCoatNormalMapUv":0,"clearCoatNormalMapTiling":[1,1],"clearCoatNormalMapOffset":[0,0],"clearCoatNormalMapRotation":0,"sheenMap":null,"sheenMapChannel":"rgb","sheenMapUv":0,"sheenMapTiling":[1,1],"sheenMapOffset":[0,0],"sheenMapRotation":0,"sheenGlossMap":null,"sheenGlossMapChannel":"r","sheenGlossMapUv":0,"sheenGlossMapTiling":[1,1],"sheenGlossMapOffset":[0,0],"sheenGlossMapRotation":0,"emissiveMap":null,"emissiveMapChannel":"rgb","emissiveMapUv":0,"emissiveMapTiling":[1,1],"emissiveMapOffset":[0,0],"emissiveMapRotation":0,"normalMapUv":0,"normalMapTiling":[1,1],"normalMapOffset":[0,0],"normalMapRotation":0,"refractionMap":null,"refractionMapChannel":"r","refractionMapUv":0,"refractionMapTiling":[1,1],"refractionMapOffset":[0,0],"refractionMapRotation":0,"refractionVertexColor":false,"refractionVertexColorChannel":"r","thicknessMap":null,"thicknessMapChannel":"r","thicknessMapUv":0,"thicknessMapTiling":[1,1],"thicknessMapOffset":[0,0],"thicknessMapRotation":0,"thicknessVertexColor":false,"thicknessVertexColorChannel":"r","iridescenceMap":null,"iridescenceMapChannel":"r","iridescenceMapUv":0,"iridescenceMapTiling":[1,1],"iridescenceMapOffset":[0,0],"iridescenceMapRotation":0,"iridescenceThicknessMap":null,"iridescenceThicknessMapChannel":"r","iridescenceThicknessMapUv":0,"iridescenceThicknessMapTiling":[1,1],"iridescenceThicknessMapOffset":[0,0],"iridescenceThicknessMapRotation":0,"heightMap":null,"heightMapChannel":"r","heightMapUv":0,"heightMapTiling":[1,1],"heightMapOffset":[0,0],"heightMapRotation":0,"heightMapFactor":1,"alphaToCoverage":false,"alphaFade":1,"opacityMap":null,"opacityMapChannel":"r","opacityMapUv":0,"opacityMapTiling":[1,1],"opacityMapOffset":[0,0],"opacityMapRotation":0,"opacityFadesSpecular":true,"sphereMap":null,"cubeMap":null,"cubeMapProjection":0,"cubeMapProjectionBox":{"center":[0,0,0],"halfExtents":[0.5,0.5,0.5]},"lightMap":null,"lightMapChannel":"rgb","lightMapUv":0,"lightMapTiling":[1,1],"lightMapOffset":[0,0],"lightMapRotation":0,"depthTest":true,"useFog":true,"useSkybox":true,"useGammaTonemap":true,"useTonemap":true,"metalnessTint":true,"sheenGlossTint":true},"type":"material","file":null,"path":[161934674,161934842],"task":null,"i18n":{},"checkpoint_id":"473a43d3-0215-4b7a-8c6d-13bbfd6e3bdb","_type":"http://sharejs.org/types/JSONv0","_v":1,"_m":{"ctime":1703526996141,"mtime":1750534076002},"_o":"685707bc2df54f1ddb8da808","id":"161934845"},"161934846":{"scope":{"type":"project","id":1176460},"user_id":499541,"branch_id":"684e4964-e63b-4bf0-830f-190cf3cd5043","source_asset_id":null,"tags":[],"name":"Circle.000","revision":1,"source":false,"preload":true,"meta":{"meshes":1,"skinned":false,"vertices":1848,"triangles":2816,"attributes":{"POSITION":1,"NORMAL":1,"TEXCOORD_0":1},"meshCompression":"none"},"data":{"containerAsset":161934844,"renderIndex":0},"type":"render","path":[161934674,161934842],"file":null,"task":null,"i18n":{},"_type":"http://sharejs.org/types/JSONv0","_v":1,"_m":{"ctime":1703526996530,"mtime":1703526996872},"_o":"6589c254636f42eb9d0416c4","checkpoint_id":"473a43d3-0215-4b7a-8c6d-13bbfd6e3bdb","id":"161934846"},"161934847":{"scope":{"type":"project","id":1176460},"user_id":499541,"branch_id":"684e4964-e63b-4bf0-830f-190cf3cd5043","source_asset_id":null,"tags":[],"name":"Bowlingpin","revision":1,"source":false,"preload":true,"meta":{"containerAsset":161934844},"data":{"entities":{"f7e246be-3344-4347-a0d2-ddcaebb1e444":{"enabled":true,"tags":[],"children":["51a7a7b8-41d4-435e-bfc1-6f3436728dc5"],"position":[0,0,0],"rotation":[0,0,0],"scale":[0.01,0.01,0.01],"resource_id":"f7e246be-3344-4347-a0d2-ddcaebb1e444","name":"RootNode","components":{},"parent":null},"51a7a7b8-41d4-435e-bfc1-6f3436728dc5":{"enabled":true,"tags":[],"children":[],"position":[0,0,0],"rotation":[-90,0,0],"scale":[100,100,100],"resource_id":"51a7a7b8-41d4-435e-bfc1-6f3436728dc5","name":"Pin_Baked","components":{"render":{"enabled":true,"type":"asset","asset":161934846,"materialAssets":[161934845],"layers":[0],"batchGroupId":null,"castShadows":true,"castShadowsLightmap":true,"receiveShadows":true,"lightmapped":false,"lightmapSizeMultiplier":1,"castShadowsLightMap":true,"lightMapped":false,"lightMapSizeMultiplier":1,"isStatic":false,"rootBone":null}},"parent":"f7e246be-3344-4347-a0d2-ddcaebb1e444"}}},"type":"template","path":[161934674,161934842],"file":null,"task":null,"i18n":{},"_type":"http://sharejs.org/types/JSONv0","_v":1,"_m":{"ctime":1703526997319,"mtime":1703526997663},"_o":"6589c255636f4233010416c5","checkpoint_id":"473a43d3-0215-4b7a-8c6d-13bbfd6e3bdb","id":"161934847"},"161987419":{"branch_id":"684e4964-e63b-4bf0-830f-190cf3cd5043","scope":{"type":"project","id":1176460},"user_id":499541,"source_asset_id":null,"source":false,"tags":[],"name":"New Material","revision":1,"preload":true,"exclude":false,"meta":null,"data":{"ambient":[1,1,1],"ambientTint":true,"aoMap":null,"aoMapChannel":"r","aoMapUv":0,"aoMapTiling":[1,1],"aoMapOffset":[0,0],"aoMapRotation":0,"diffuse":[1,1,1],"diffuseMap":161934598,"diffuseMapChannel":"rgb","diffuseMapUv":0,"diffuseMapTiling":[1,1],"diffuseMapOffset":[0,0],"diffuseMapRotation":0,"specular":[0.23,0.23,0.23],"specularMap":null,"specularMapChannel":"rgb","specularMapUv":0,"specularMapTiling":[1,1],"specularMapOffset":[0,0],"specularMapRotation":0,"specularAntialias":true,"occludeSpecular":1,"specularityFactor":1,"specularityFactorMap":null,"specularityFactorMapChannel":"r","specularityFactorMapUv":0,"specularityFactorMapTiling":[1,1],"specularityFactorMapOffset":[0,0],"specularityFactorMapRotation":0,"enableGGXSpecular":false,"anisotropy":0,"useMetalness":false,"metalness":1,"metalnessMap":null,"metalnessMapChannel":"r","metalnessMapUv":0,"metalnessMapTiling":[1,1],"metalnessMapOffset":[0,0],"metalnessMapRotation":0,"useMetalnessSpecularColor":false,"conserveEnergy":true,"shininess":32,"glossMap":null,"glossMapChannel":"r","glossMapUv":0,"glossMapTiling":[1,1],"glossMapOffset":[0,0],"glossMapRotation":0,"glossInvert":false,"clearCoat":0,"clearCoatMap":null,"clearCoatMapChannel":"r","clearCoatMapUv":0,"clearCoatMapTiling":[1,1],"clearCoatMapOffset":[0,0],"clearCoatMapRotation":0,"clearCoatVertexColor":false,"clearCoatVertexColorChannel":"r","clearCoatGloss":1,"clearCoatGlossMap":null,"clearCoatGlossMapChannel":"r","clearCoatGlossMapUv":0,"clearCoatGlossMapTiling":[1,1],"clearCoatGlossMapOffset":[0,0],"clearCoatGlossMapRotation":0,"clearCoatGlossVertexColor":false,"clearCoatGlossVertexColorChannel":"r","clearCoatBumpiness":1,"clearCoatGlossInvert":false,"clearCoatNormalMap":null,"clearCoatNormalMapUv":0,"clearCoatNormalMapTiling":[1,1],"clearCoatNormalMapOffset":[0,0],"clearCoatNormalMapRotation":0,"useSheen":false,"sheen":[0,0,0],"sheenMap":null,"sheenMapChannel":"rgb","sheenMapUv":0,"sheenMapTiling":[1,1],"sheenMapOffset":[0,0],"sheenMapRotation":0,"sheenGloss":0,"sheenGlossMap":null,"sheenGlossMapChannel":"r","sheenGlossMapUv":0,"sheenGlossMapTiling":[1,1],"sheenGlossMapOffset":[0,0],"sheenGlossMapRotation":0,"sheenGlossInvert":false,"emissive":[0,0,0],"emissiveMap":null,"emissiveMapChannel":"rgb","emissiveMapUv":0,"emissiveMapTiling":[1,1],"emissiveMapOffset":[0,0],"emissiveMapRotation":0,"emissiveIntensity":1,"normalMap":null,"normalMapUv":0,"normalMapTiling":[1,1],"normalMapOffset":[0,0],"normalMapRotation":0,"bumpMapFactor":1,"useDynamicRefraction":false,"refraction":0,"refractionMap":null,"refractionMapChannel":"r","refractionMapUv":0,"refractionMapTiling":[1,1],"refractionMapOffset":[0,0],"refractionMapRotation":0,"refractionVertexColor":false,"refractionVertexColorChannel":"r","refractionIndex":0.6666666666666666,"thickness":0,"thicknessMap":null,"thicknessMapChannel":"r","thicknessMapUv":0,"thicknessMapTiling":[1,1],"thicknessMapOffset":[0,0],"thicknessMapRotation":0,"thicknessVertexColor":false,"thicknessVertexColorChannel":"r","attenuation":[1,1,1],"attenuationDistance":0,"useIridescence":false,"iridescence":0,"iridescenceMap":null,"iridescenceMapChannel":"r","iridescenceMapUv":0,"iridescenceMapTiling":[1,1],"iridescenceMapOffset":[0,0],"iridescenceMapRotation":0,"iridescenceRefractionIndex":0.667,"iridescenceThicknessMap":null,"iridescenceThicknessMapChannel":"r","iridescenceThicknessMapUv":0,"iridescenceThicknessMapTiling":[1,1],"iridescenceThicknessMapOffset":[0,0],"iridescenceThicknessMapRotation":0,"iridescenceThicknessMin":0,"iridescenceThicknessMax":0,"heightMap":null,"heightMapChannel":"r","heightMapUv":0,"heightMapTiling":[1,1],"heightMapOffset":[0,0],"heightMapRotation":0,"heightMapFactor":1,"alphaToCoverage":false,"alphaTest":0,"alphaFade":1,"opacity":1,"opacityMap":null,"opacityMapChannel":"r","opacityMapUv":0,"opacityMapTiling":[1,1],"opacityMapOffset":[0,0],"opacityMapRotation":0,"opacityFadesSpecular":true,"reflectivity":1,"sphereMap":null,"cubeMap":null,"cubeMapProjection":0,"cubeMapProjectionBox":{"center":[0,0,0],"halfExtents":[0.5,0.5,0.5]},"lightMap":null,"lightMapChannel":"rgb","lightMapUv":0,"lightMapTiling":[1,1],"lightMapOffset":[0,0],"lightMapRotation":0,"depthTest":true,"depthWrite":true,"cull":1,"blendType":3,"shader":"blinn","useFog":true,"useLighting":true,"useSkybox":true,"useGammaTonemap":true,"useTonemap":true,"diffuseTint":true,"emissiveTint":true,"metalnessTint":true,"sheenTint":true,"sheenGlossTint":true},"type":"material","file":null,"path":[161934674],"task":null,"i18n":{},"checkpoint_id":"473a43d3-0215-4b7a-8c6d-13bbfd6e3bdb","_type":"http://sharejs.org/types/JSONv0","_v":1,"_m":{"ctime":1703584079820,"mtime":1750534076003},"_o":"685707bc2df54f46b48da809","id":"161987419"},"161993703":{"branch_id":"684e4964-e63b-4bf0-830f-190cf3cd5043","scope":{"type":"project","id":1176460},"user_id":499541,"source_asset_id":null,"source":false,"tags":[],"name":"New Material","revision":1,"preload":true,"exclude":false,"meta":null,"data":{"ambient":[1,1,1],"ambientTint":true,"aoMap":null,"aoMapChannel":"r","aoMapUv":0,"aoMapTiling":[1,1],"aoMapOffset":[0,0],"aoMapRotation":0,"diffuse":[0.03529411764705882,0.23921568627450981,0.5764705882352941],"diffuseMap":null,"diffuseMapChannel":"rgb","diffuseMapUv":0,"diffuseMapTiling":[1,1],"diffuseMapOffset":[0,0],"diffuseMapRotation":0,"specular":[0.23,0.23,0.23],"specularMap":null,"specularMapChannel":"rgb","specularMapUv":0,"specularMapTiling":[1,1],"specularMapOffset":[0,0],"specularMapRotation":0,"specularAntialias":true,"occludeSpecular":1,"specularityFactor":1,"specularityFactorMap":null,"specularityFactorMapChannel":"r","specularityFactorMapUv":0,"specularityFactorMapTiling":[1,1],"specularityFactorMapOffset":[0,0],"specularityFactorMapRotation":0,"enableGGXSpecular":false,"anisotropy":0,"useMetalness":false,"metalness":1,"metalnessMap":null,"metalnessMapChannel":"r","metalnessMapUv":0,"metalnessMapTiling":[1,1],"metalnessMapOffset":[0,0],"metalnessMapRotation":0,"useMetalnessSpecularColor":false,"conserveEnergy":true,"shininess":32,"glossMap":null,"glossMapChannel":"r","glossMapUv":0,"glossMapTiling":[1,1],"glossMapOffset":[0,0],"glossMapRotation":0,"glossInvert":false,"clearCoat":0,"clearCoatMap":null,"clearCoatMapChannel":"r","clearCoatMapUv":0,"clearCoatMapTiling":[1,1],"clearCoatMapOffset":[0,0],"clearCoatMapRotation":0,"clearCoatVertexColor":false,"clearCoatVertexColorChannel":"r","clearCoatGloss":1,"clearCoatGlossMap":null,"clearCoatGlossMapChannel":"r","clearCoatGlossMapUv":0,"clearCoatGlossMapTiling":[1,1],"clearCoatGlossMapOffset":[0,0],"clearCoatGlossMapRotation":0,"clearCoatGlossVertexColor":false,"clearCoatGlossVertexColorChannel":"r","clearCoatBumpiness":1,"clearCoatGlossInvert":false,"clearCoatNormalMap":null,"clearCoatNormalMapUv":0,"clearCoatNormalMapTiling":[1,1],"clearCoatNormalMapOffset":[0,0],"clearCoatNormalMapRotation":0,"useSheen":false,"sheen":[0,0,0],"sheenMap":null,"sheenMapChannel":"rgb","sheenMapUv":0,"sheenMapTiling":[1,1],"sheenMapOffset":[0,0],"sheenMapRotation":0,"sheenGloss":0,"sheenGlossMap":null,"sheenGlossMapChannel":"r","sheenGlossMapUv":0,"sheenGlossMapTiling":[1,1],"sheenGlossMapOffset":[0,0],"sheenGlossMapRotation":0,"sheenGlossInvert":false,"emissive":[0,0,0],"emissiveMap":null,"emissiveMapChannel":"rgb","emissiveMapUv":0,"emissiveMapTiling":[1,1],"emissiveMapOffset":[0,0],"emissiveMapRotation":0,"emissiveIntensity":1,"normalMap":null,"normalMapUv":0,"normalMapTiling":[1,1],"normalMapOffset":[0,0],"normalMapRotation":0,"bumpMapFactor":1,"useDynamicRefraction":false,"refraction":0,"refractionMap":null,"refractionMapChannel":"r","refractionMapUv":0,"refractionMapTiling":[1,1],"refractionMapOffset":[0,0],"refractionMapRotation":0,"refractionVertexColor":false,"refractionVertexColorChannel":"r","refractionIndex":0.6666666666666666,"thickness":0,"thicknessMap":null,"thicknessMapChannel":"r","thicknessMapUv":0,"thicknessMapTiling":[1,1],"thicknessMapOffset":[0,0],"thicknessMapRotation":0,"thicknessVertexColor":false,"thicknessVertexColorChannel":"r","attenuation":[1,1,1],"attenuationDistance":0,"useIridescence":false,"iridescence":0,"iridescenceMap":null,"iridescenceMapChannel":"r","iridescenceMapUv":0,"iridescenceMapTiling":[1,1],"iridescenceMapOffset":[0,0],"iridescenceMapRotation":0,"iridescenceRefractionIndex":0.667,"iridescenceThicknessMap":null,"iridescenceThicknessMapChannel":"r","iridescenceThicknessMapUv":0,"iridescenceThicknessMapTiling":[1,1],"iridescenceThicknessMapOffset":[0,0],"iridescenceThicknessMapRotation":0,"iridescenceThicknessMin":0,"iridescenceThicknessMax":0,"heightMap":null,"heightMapChannel":"r","heightMapUv":0,"heightMapTiling":[1,1],"heightMapOffset":[0,0],"heightMapRotation":0,"heightMapFactor":1,"alphaToCoverage":false,"alphaTest":0,"alphaFade":1,"opacity":1,"opacityMap":null,"opacityMapChannel":"r","opacityMapUv":0,"opacityMapTiling":[1,1],"opacityMapOffset":[0,0],"opacityMapRotation":0,"opacityFadesSpecular":true,"reflectivity":1,"sphereMap":null,"cubeMap":null,"cubeMapProjection":0,"cubeMapProjectionBox":{"center":[0,0,0],"halfExtents":[0.5,0.5,0.5]},"lightMap":null,"lightMapChannel":"rgb","lightMapUv":0,"lightMapTiling":[1,1],"lightMapOffset":[0,0],"lightMapRotation":0,"depthTest":true,"depthWrite":true,"cull":1,"blendType":3,"shader":"blinn","useFog":true,"useLighting":true,"useSkybox":true,"useGammaTonemap":true,"useTonemap":true,"diffuseTint":true,"emissiveTint":true,"metalnessTint":true,"sheenTint":true,"sheenGlossTint":true},"type":"material","file":null,"path":[161934674],"task":null,"i18n":{},"checkpoint_id":"473a43d3-0215-4b7a-8c6d-13bbfd6e3bdb","_type":"http://sharejs.org/types/JSONv0","_v":1,"_m":{"ctime":1703585912901,"mtime":1750534076005},"_o":"685707bc2df54f95bc8da80a","id":"161993703"},"161994163":{"branch_id":"684e4964-e63b-4bf0-830f-190cf3cd5043","scope":{"type":"project","id":1176460},"user_id":499541,"source_asset_id":null,"source":false,"tags":[],"name":"movement.js","revision":1,"preload":true,"exclude":false,"meta":null,"data":{"scripts":{"movement":{"attributesOrder":["speed"],"attributes":{"speed":{"type":"number","default":0.1,"min":0.05,"max":0.5,"precision":2,"description":"Controls the movement speed"}}}},"loading":false,"loadingType":0},"type":"script","file":{"filename":"movement.js","size":3406,"hash":"94d7dee733cf4fb8816d6cc906f76b5f"},"path":[],"task":null,"i18n":{},"immutable_backup":"c085571b-722a-4c56-a235-9f09206d2266","same_as_backup":0,"checkpoint_id":"473a43d3-0215-4b7a-8c6d-13bbfd6e3bdb","_type":"http://sharejs.org/types/JSONv0","_v":1,"_m":{"ctime":1703586636426,"mtime":1750535997174},"_o":"68570f3d8d2328297456c7dd","id":"161994163"},"162158406":{"branch_id":"684e4964-e63b-4bf0-830f-190cf3cd5043","scope":{"type":"project","id":1176460},"user_id":499541,"source_asset_id":null,"source":false,"tags":[],"name":"BowlingballController.js","revision":1,"preload":true,"exclude":false,"meta":null,"data":{"scripts":{"bowlingBallMovement":{"attributesOrder":["speed"],"attributes":{"speed":{"type":"number","default":5}}}},"loading":false,"loadingType":0},"type":"script","file":{"filename":"BowlingballController.js","size":1038,"hash":"bfa23bd72ea10b4132cc194f2d0cd6ae"},"path":[161934674],"task":null,"i18n":{},"_type":"http://sharejs.org/types/JSONv0","_v":1,"_m":{"ctime":1703610630465,"mtime":1703610864431},"_o":"658b09f05e6aeff6530619f8","checkpoint_id":"473a43d3-0215-4b7a-8c6d-13bbfd6e3bdb","same_as_backup":1,"immutable_backup":"def26235-3927-4dab-899a-0cc88e098045","id":"162158406"},"162296568":{"scope":{"type":"project","id":1176460},"user_id":196751,"source_asset_id":null,"source":false,"tags":[],"name":"ammo.js","revision":1,"preload":false,"meta":null,"data":{"order":100,"scripts":{},"loadingType":0},"type":"script","file":{"filename":"ammo.js","size":1895438,"hash":"34480c72ed787337db20c105cb9ba69d"},"path":[162296571],"task":null,"i18n":{},"branch_id":"684e4964-e63b-4bf0-830f-190cf3cd5043","license":{"id":"zlib","author":"kripken","authorUrl":"https://github.com/kripken/ammo.js/blob/main/LICENSE"},"has_thumbnail":false,"_type":"http://sharejs.org/types/JSONv0","_v":1,"_m":{"ctime":1703777695445,"mtime":1703777695867},"_o":"658d959fa4f0ac2c86c14cdd","immutable_backup":"efdbd0f1-1149-4983-ad55-acbfffec842d","same_as_backup":1,"checkpoint_id":"473a43d3-0215-4b7a-8c6d-13bbfd6e3bdb","id":"162296568"},"162296569":{"scope":{"type":"project","id":1176460},"user_id":196751,"source_asset_id":null,"source":false,"tags":[],"name":"ammo.wasm.js","revision":1,"preload":false,"meta":null,"data":{"order":100,"scripts":{},"loadingType":0},"type":"script","file":{"filename":"ammo.wasm.js","size":391789,"hash":"6b7ab3989e4f9f17c86e44380f9181c6"},"path":[162296571],"task":null,"i18n":{},"branch_id":"684e4964-e63b-4bf0-830f-190cf3cd5043","license":{"id":"zlib","author":"kripken","authorUrl":"https://github.com/kripken/ammo.js/blob/main/LICENSE"},"has_thumbnail":false,"_type":"http://sharejs.org/types/JSONv0","_v":1,"_m":{"ctime":1703777695445,"mtime":1703777695733},"_o":"658d959fa4f0ac36dbc14cdb","immutable_backup":"eb02d598-384a-495d-ba03-35aec458fcc5","same_as_backup":1,"checkpoint_id":"473a43d3-0215-4b7a-8c6d-13bbfd6e3bdb","id":"162296569"},"162296570":{"scope":{"type":"project","id":1176460},"user_id":196751,"source_asset_id":null,"source":false,"tags":[],"name":"ammo.wasm.wasm","revision":1,"preload":true,"meta":null,"data":{"moduleName":"Ammo","glueScriptId":162296569,"fallbackScriptId":162296568},"type":"wasm","file":{"filename":"ammo.wasm.wasm","size":659433,"hash":"a6819ea71a53e67f1dfe3e42957c2971"},"path":[162296571],"task":null,"i18n":{},"branch_id":"684e4964-e63b-4bf0-830f-190cf3cd5043","license":{"id":"zlib","author":"kripken","authorUrl":"https://github.com/kripken/ammo.js/blob/main/LICENSE"},"has_thumbnail":false,"_type":"http://sharejs.org/types/JSONv0","_v":1,"_m":{"ctime":1703777695445,"mtime":1703777695866},"_o":"658d959fa4f0ac85e7c14cdc","immutable_backup":"2cca4a99-b2df-4b0b-b875-a3d9f73a2519","same_as_backup":1,"checkpoint_id":"473a43d3-0215-4b7a-8c6d-13bbfd6e3bdb","id":"162296570"},"162296571":{"scope":{"type":"project","id":1176460},"branch_id":"684e4964-e63b-4bf0-830f-190cf3cd5043","user_id":499541,"source_asset_id":null,"revision":1,"meta":null,"file":null,"task":null,"i18n":{},"_type":"http://sharejs.org/types/JSONv0","_v":1,"_m":{"ctime":1703777695454,"mtime":1703777695454},"name":"ammo.js","type":"folder","source":true,"preload":false,"data":null,"path":[],"checkpoint_id":"473a43d3-0215-4b7a-8c6d-13bbfd6e3bdb","id":"162296571"},"162428670":{"branch_id":"684e4964-e63b-4bf0-830f-190cf3cd5043","scope":{"type":"project","id":1176460},"user_id":499541,"source_asset_id":null,"source":false,"tags":[],"name":"New Material","revision":1,"preload":true,"exclude":false,"meta":null,"data":{"ambient":[1,1,1],"ambientTint":true,"aoMap":null,"aoMapChannel":"r","aoMapUv":0,"aoMapTiling":[1,1],"aoMapOffset":[0,0],"aoMapRotation":0,"diffuse":[0.6392156862745098,0.08235294117647059,0.08235294117647059],"diffuseMap":null,"diffuseMapChannel":"rgb","diffuseMapUv":0,"diffuseMapTiling":[1,1],"diffuseMapOffset":[0,0],"diffuseMapRotation":0,"specular":[0.23,0.23,0.23],"specularMap":null,"specularMapChannel":"rgb","specularMapUv":0,"specularMapTiling":[1,1],"specularMapOffset":[0,0],"specularMapRotation":0,"specularAntialias":true,"occludeSpecular":1,"specularityFactor":1,"specularityFactorMap":null,"specularityFactorMapChannel":"r","specularityFactorMapUv":0,"specularityFactorMapTiling":[1,1],"specularityFactorMapOffset":[0,0],"specularityFactorMapRotation":0,"enableGGXSpecular":false,"anisotropy":0,"useMetalness":false,"metalness":1,"metalnessMap":null,"metalnessMapChannel":"r","metalnessMapUv":0,"metalnessMapTiling":[1,1],"metalnessMapOffset":[0,0],"metalnessMapRotation":0,"useMetalnessSpecularColor":false,"conserveEnergy":true,"shininess":32,"glossMap":null,"glossMapChannel":"r","glossMapUv":0,"glossMapTiling":[1,1],"glossMapOffset":[0,0],"glossMapRotation":0,"glossInvert":false,"clearCoat":0,"clearCoatMap":null,"clearCoatMapChannel":"r","clearCoatMapUv":0,"clearCoatMapTiling":[1,1],"clearCoatMapOffset":[0,0],"clearCoatMapRotation":0,"clearCoatVertexColor":false,"clearCoatVertexColorChannel":"r","clearCoatGloss":1,"clearCoatGlossMap":null,"clearCoatGlossMapChannel":"r","clearCoatGlossMapUv":0,"clearCoatGlossMapTiling":[1,1],"clearCoatGlossMapOffset":[0,0],"clearCoatGlossMapRotation":0,"clearCoatGlossVertexColor":false,"clearCoatGlossVertexColorChannel":"r","clearCoatBumpiness":1,"clearCoatGlossInvert":false,"clearCoatNormalMap":null,"clearCoatNormalMapUv":0,"clearCoatNormalMapTiling":[1,1],"clearCoatNormalMapOffset":[0,0],"clearCoatNormalMapRotation":0,"useSheen":false,"sheen":[0,0,0],"sheenMap":null,"sheenMapChannel":"rgb","sheenMapUv":0,"sheenMapTiling":[1,1],"sheenMapOffset":[0,0],"sheenMapRotation":0,"sheenGloss":0,"sheenGlossMap":null,"sheenGlossMapChannel":"r","sheenGlossMapUv":0,"sheenGlossMapTiling":[1,1],"sheenGlossMapOffset":[0,0],"sheenGlossMapRotation":0,"sheenGlossInvert":false,"emissive":[0,0,0],"emissiveMap":null,"emissiveMapChannel":"rgb","emissiveMapUv":0,"emissiveMapTiling":[1,1],"emissiveMapOffset":[0,0],"emissiveMapRotation":0,"emissiveIntensity":1,"normalMap":null,"normalMapUv":0,"normalMapTiling":[1,1],"normalMapOffset":[0,0],"normalMapRotation":0,"bumpMapFactor":1,"useDynamicRefraction":false,"refraction":0,"refractionMap":null,"refractionMapChannel":"r","refractionMapUv":0,"refractionMapTiling":[1,1],"refractionMapOffset":[0,0],"refractionMapRotation":0,"refractionVertexColor":false,"refractionVertexColorChannel":"r","refractionIndex":0.6666666666666666,"thickness":0,"thicknessMap":null,"thicknessMapChannel":"r","thicknessMapUv":0,"thicknessMapTiling":[1,1],"thicknessMapOffset":[0,0],"thicknessMapRotation":0,"thicknessVertexColor":false,"thicknessVertexColorChannel":"r","attenuation":[1,1,1],"attenuationDistance":0,"useIridescence":false,"iridescence":0,"iridescenceMap":null,"iridescenceMapChannel":"r","iridescenceMapUv":0,"iridescenceMapTiling":[1,1],"iridescenceMapOffset":[0,0],"iridescenceMapRotation":0,"iridescenceRefractionIndex":0.667,"iridescenceThicknessMap":null,"iridescenceThicknessMapChannel":"r","iridescenceThicknessMapUv":0,"iridescenceThicknessMapTiling":[1,1],"iridescenceThicknessMapOffset":[0,0],"iridescenceThicknessMapRotation":0,"iridescenceThicknessMin":0,"iridescenceThicknessMax":0,"heightMap":null,"heightMapChannel":"r","heightMapUv":0,"heightMapTiling":[1,1],"heightMapOffset":[0,0],"heightMapRotation":0,"heightMapFactor":1,"alphaToCoverage":false,"alphaTest":0,"alphaFade":1,"opacity":1,"opacityMap":null,"opacityMapChannel":"r","opacityMapUv":0,"opacityMapTiling":[1,1],"opacityMapOffset":[0,0],"opacityMapRotation":0,"opacityFadesSpecular":true,"reflectivity":1,"sphereMap":null,"cubeMap":null,"cubeMapProjection":0,"cubeMapProjectionBox":{"center":[0,0,0],"halfExtents":[0.5,0.5,0.5]},"lightMap":null,"lightMapChannel":"rgb","lightMapUv":0,"lightMapTiling":[1,1],"lightMapOffset":[0,0],"lightMapRotation":0,"depthTest":true,"depthWrite":true,"cull":1,"blendType":3,"shader":"blinn","useFog":true,"useLighting":true,"useSkybox":true,"useGammaTonemap":true,"useTonemap":true,"diffuseTint":true,"emissiveTint":true,"metalnessTint":true,"sheenTint":true,"sheenGlossTint":true},"type":"material","file":null,"path":[],"task":null,"i18n":{},"_type":"http://sharejs.org/types/JSONv0","_v":1,"_m":{"ctime":1704128379955,"mtime":1750534076007},"_o":"685707bc2df54fb9248da80b","id":"162428670"},"236133930":{"branch_id":"684e4964-e63b-4bf0-830f-190cf3cd5043","scope":{"type":"project","id":1176460},"user_id":499541,"source_asset_id":null,"source":false,"tags":[],"name":"scoreboard.js","revision":1,"preload":true,"exclude":false,"meta":null,"data":{"scripts":{"scoreboard":{"attributesOrder":[],"attributes":{}}},"loading":false,"loadingType":0},"type":"script","file":{"filename":"scoreboard.js","size":1082,"hash":"837e05a8fdf515e4c615451f0c0f5d8a"},"path":[],"task":null,"i18n":{},"_type":"http://sharejs.org/types/JSONv0","_v":1,"_m":{"ctime":1750535402359,"mtime":1750535414590},"_o":"68570cf63bc8e094aa18cc83","id":"236133930"}}