{"1926083":{"branch_id":"684e4964-e63b-4bf0-830f-190cf3cd5043","scene":1926083,"project_id":1176460,"name":"Bowling game","settings":{"physics":{"gravity":[0,-9.8,0]},"render":{"fog_end":1000,"fog_start":1,"global_ambient":[0.2,0.2,0.2],"fog_color":[0,0,0],"fog":"none","fog_density":0.01,"gamma_correction":1,"tonemapping":0,"exposure":1,"skybox":null,"skyboxIntensity":1,"skyboxRotation":[0,0,0],"skyboxMip":0,"lightmapSizeMultiplier":16,"lightmapMaxResolution":2048,"lightmapMode":1,"lightmapFilterEnabled":false,"lightmapFilterRange":10,"lightmapFilterSmoothness":0.2,"ambientBake":false,"ambientBakeNumSamples":1,"ambientBakeSpherePart":0.4,"ambientBakeOcclusionBrightness":0,"ambientBakeOcclusionContrast":0,"clusteredLightingEnabled":true,"lightingCells":[10,3,10],"lightingMaxLightsPerCell":255,"lightingCookieAtlasResolution":2048,"lightingShadowAtlasResolution":2048,"lightingShadowType":0,"lightingCookiesEnabled":false,"lightingAreaLightsEnabled":false,"lightingShadowsEnabled":true,"skyType":"infinite","skyMeshPosition":[0,0,0],"skyMeshRotation":[0,0,0],"skyMeshScale":[1,1,1],"skyCenter":[0,1,0]}},"entities":{"12b7694e-8a9b-4318-81d0-1414de37862f":{"name":"Root","parent":null,"resource_id":"12b7694e-8a9b-4318-81d0-1414de37862f","tags":[],"enabled":true,"components":{},"scale":[1,1,1],"position":[0,0,0],"rotation":[0,0,0],"children":["4a06b91d-91d5-4125-a066-de9443ebaf92","62200f8a-8dd7-4d91-b806-d8d1f6789f24","f1c2f4d1-5a36-4458-91b4-4e2241434749","4407be2c-0832-4744-9e6f-7212bf998145","4e5c111d-2a39-45eb-98a8-375a4f1474b4","e7714f2b-5269-486f-9ee5-e4fb93e7abb0","f73b1f44-87e1-4ae6-a6df-10b980373cd5","a0faf138-674c-44dc-a9b8-e5269530d25f","ac2cf99e-e71c-4e2f-8521-79999894f5f9","ac4f199c-05a3-4b8b-909f-c3fec15887b0","595aaef5-5f20-495d-92ce-e6b413fa7b1d","0fadf9b1-84bd-44c0-95a4-abab794e7631","9b534c49-83c3-4789-b216-5a2bbbff2995","66b8c385-6677-454a-af76-3777c79d7722","522ef48d-d041-47a8-b439-69d5fa03a83b","6981d235-f9b6-4a4d-b058-edd591f69913","474d0452-3a62-424b-b5b8-64e0b73697fc","18390857-64fe-4e41-92f0-d70a34123e87","e1a0d158-5eed-435b-b1ea-16e38b60074a"]},"4a06b91d-91d5-4125-a066-de9443ebaf92":{"name":"Camera","parent":"12b7694e-8a9b-4318-81d0-1414de37862f","resource_id":"4a06b91d-91d5-4125-a066-de9443ebaf92","tags":[],"enabled":true,"components":{"camera":{"fov":45,"projection":0,"clearColor":[0.118,0.118,0.118,1],"clearColorBuffer":true,"clearDepthBuffer":true,"frustumCulling":true,"enabled":true,"orthoHeight":4,"farClip":1000,"nearClip":0.1,"priority":0,"rect":[0,0,1,1],"layers":[0,1,2,3,4],"gammaCorrection":1,"toneMapping":0}},"scale":[1,1,1],"position":[8.185925483703613,4.411828517913818,0.3795681359166527],"rotation":[-34.11216696047253,87.96419054322236,-2.6567873737228727],"children":[]},"62200f8a-8dd7-4d91-b806-d8d1f6789f24":{"name":"Light","parent":"12b7694e-8a9b-4318-81d0-1414de37862f","resource_id":"62200f8a-8dd7-4d91-b806-d8d1f6789f24","tags":[],"enabled":true,"components":{"light":{"enabled":true,"bake":false,"bakeNumSamples":1,"bakeArea":0,"bakeDir":true,"affectDynamic":true,"affectLightmapped":false,"isStatic":false,"color":[1,1,1],"intensity":1,"type":"directional","shadowDistance":16,"range":8,"innerConeAngle":40,"outerConeAngle":45,"shape":0,"falloffMode":0,"castShadows":true,"shadowUpdateMode":2,"shadowType":0,"shadowResolution":1024,"shadowBias":0.4,"normalOffsetBias":0.05,"vsmBlurMode":1,"vsmBlurSize":11,"vsmBias":0.01,"cookieAsset":null,"cookieIntensity":1,"cookieFalloff":true,"cookieChannel":"rgb","cookieAngle":0,"cookieScale":[1,1],"cookieOffset":[0,0],"layers":[0]}},"scale":[1,1,1],"position":[2,2,-2],"rotation":[45,135,0],"children":[]},"4407be2c-0832-4744-9e6f-7212bf998145":{"name":"BowlingLane","tags":[],"enabled":true,"resource_id":"4407be2c-0832-4744-9e6f-7212bf998145","parent":"12b7694e-8a9b-4318-81d0-1414de37862f","children":[],"position":[-0.004222815885000619,0.08445004373788834,-0.004474261775612831],"rotation":[0,0,0],"scale":[8,-0.22,1.77],"components":{"render":{"enabled":true,"type":"box","asset":null,"materialAssets":[161934675],"layers":[0],"batchGroupId":null,"castShadows":true,"castShadowsLightmap":true,"receiveShadows":true,"lightmapped":false,"lightmapSizeMultiplier":1,"castShadowsLightMap":true,"lightMapped":false,"lightMapSizeMultiplier":1,"isStatic":false,"rootBone":null},"collision":{"enabled":true,"type":"box","halfExtents":[3.951,0.204,0.933],"radius":0.5,"axis":1,"height":2,"asset":null,"renderAsset":null,"linearOffset":[0,0,0],"angularOffset":[0,0,0]},"rigidbody":{"enabled":true,"type":"static","mass":1,"linearDamping":0,"angularDamping":0,"linearFactor":[1,1,1],"angularFactor":[1,1,1],"friction":0.5,"restitution":0.5}}},"4e5c111d-2a39-45eb-98a8-375a4f1474b4":{"name":"leftboundary","tags":[],"enabled":true,"resource_id":"4e5c111d-2a39-45eb-98a8-375a4f1474b4","parent":"12b7694e-8a9b-4318-81d0-1414de37862f","children":[],"position":[-0.03650646284222603,0.03305409848690033,1.178336456717748],"rotation":[0,0,0],"scale":[8,-0.12510835737430592,0.6116570814028637],"components":{"render":{"enabled":true,"type":"box","asset":null,"materialAssets":[161987419],"layers":[0],"batchGroupId":null,"castShadows":true,"castShadowsLightmap":true,"receiveShadows":true,"lightmapped":false,"lightmapSizeMultiplier":1,"castShadowsLightMap":true,"lightMapped":false,"lightMapSizeMultiplier":1,"isStatic":false,"rootBone":null},"rigidbody":{"enabled":true,"type":"static","mass":1,"linearDamping":0,"angularDamping":0,"linearFactor":[1,1,1],"angularFactor":[1,1,1],"friction":0.5,"restitution":0.5},"collision":{"enabled":true,"type":"box","halfExtents":[4,0.09,0.255],"radius":0.5,"axis":1,"height":2,"asset":null,"renderAsset":null,"linearOffset":[0,0,0],"angularOffset":[0,0,0]}}},"f73b1f44-87e1-4ae6-a6df-10b980373cd5":{"name":"Wall1","tags":[],"enabled":true,"resource_id":"f73b1f44-87e1-4ae6-a6df-10b980373cd5","parent":"12b7694e-8a9b-4318-81d0-1414de37862f","children":[],"position":[-0.03650646284222603,0.23241426050662994,1.5608141422271729],"rotation":[90,0,0],"scale":[8,-0.12510835737430592,0.43104277908524474],"components":{"render":{"enabled":true,"type":"box","asset":null,"materialAssets":[161934675],"layers":[0],"batchGroupId":null,"castShadows":true,"castShadowsLightmap":true,"receiveShadows":true,"lightmapped":false,"lightmapSizeMultiplier":1,"castShadowsLightMap":true,"lightMapped":false,"lightMapSizeMultiplier":1,"isStatic":false,"rootBone":null},"rigidbody":{"enabled":true,"type":"static","mass":1,"linearDamping":0,"angularDamping":0,"linearFactor":[1,1,1],"angularFactor":[1,1,1],"friction":0.5,"restitution":0.5},"collision":{"enabled":true,"type":"box","halfExtents":[4,0.228,0.094],"radius":0.5,"axis":1,"height":2,"asset":null,"renderAsset":null,"linearOffset":[0,0,0],"angularOffset":[0,0,0]}}},"f1c2f4d1-5a36-4458-91b4-4e2241434749":{"name":"Bowlingball","tags":[],"enabled":true,"resource_id":"f1c2f4d1-5a36-4458-91b4-4e2241434749","parent":"12b7694e-8a9b-4318-81d0-1414de37862f","children":[],"position":[3.6154603958129883,0.45,0],"rotation":[0,180.2,0],"scale":[0.5,0.5,0.5],"components":{"render":{"enabled":true,"type":"sphere","asset":null,"materialAssets":[161993703],"layers":[0],"batchGroupId":null,"castShadows":true,"castShadowsLightmap":true,"receiveShadows":true,"lightmapped":false,"lightmapSizeMultiplier":1,"castShadowsLightMap":true,"lightMapped":false,"lightMapSizeMultiplier":1,"isStatic":false,"rootBone":null},"collision":{"enabled":true,"type":"sphere","halfExtents":[0.5,0.5,0.5],"radius":0.25,"axis":1,"height":2,"asset":null,"renderAsset":null,"linearOffset":[0,0,0],"angularOffset":[0,0,0]},"rigidbody":{"enabled":true,"type":"dynamic","mass":5,"linearDamping":0,"angularDamping":0,"linearFactor":[1,1,1],"angularFactor":[1,1,1],"friction":0.5,"restitution":0.5},"script":{"enabled":true,"order":["movement"],"scripts":{"movement":{"enabled":true,"attributes":{"speed":0.45}}}}}},"e7714f2b-5269-486f-9ee5-e4fb93e7abb0":{"name":"rightboundary","tags":[],"enabled":true,"resource_id":"e7714f2b-5269-486f-9ee5-e4fb93e7abb0","parent":"12b7694e-8a9b-4318-81d0-1414de37862f","children":[],"position":[-0.03650646284222603,0.03305409848690033,-1.1972116919118507],"rotation":[0,0,0],"scale":[8,-0.12510835737430592,0.6116570814028637],"components":{"render":{"enabled":true,"type":"box","asset":null,"materialAssets":[161987419],"layers":[0],"batchGroupId":null,"castShadows":true,"castShadowsLightmap":true,"receiveShadows":true,"lightmapped":false,"lightmapSizeMultiplier":1,"castShadowsLightMap":true,"lightMapped":false,"lightMapSizeMultiplier":1,"isStatic":false,"rootBone":null},"rigidbody":{"enabled":true,"type":"static","mass":1,"linearDamping":0,"angularDamping":0,"linearFactor":[1,1,1],"angularFactor":[1,1,1],"friction":0.5,"restitution":0.5},"collision":{"enabled":true,"type":"box","halfExtents":[4,0.09,0.255],"radius":0.5,"axis":1,"height":2,"asset":null,"renderAsset":null,"linearOffset":[0,0,0],"angularOffset":[0,0,0]}}},"a0faf138-674c-44dc-a9b8-e5269530d25f":{"name":"Wall2","tags":[],"enabled":true,"resource_id":"a0faf138-674c-44dc-a9b8-e5269530d25f","parent":"12b7694e-8a9b-4318-81d0-1414de37862f","children":["4d532b31-3d02-4a06-94f5-83b743fb8a83"],"position":[-0.03650646284222603,0.23241426050662994,-1.612989645393255],"rotation":[90,0,0],"scale":[8,-0.12510835737430592,0.43104277908524474],"components":{"render":{"enabled":true,"type":"box","asset":null,"materialAssets":[161934675],"layers":[0],"batchGroupId":null,"castShadows":true,"castShadowsLightmap":true,"receiveShadows":true,"lightmapped":false,"lightmapSizeMultiplier":1,"castShadowsLightMap":true,"lightMapped":false,"lightMapSizeMultiplier":1,"isStatic":false,"rootBone":null},"rigidbody":{"enabled":true,"type":"static","mass":1,"linearDamping":0,"angularDamping":0,"linearFactor":[1,1,1],"angularFactor":[1,1,1],"friction":0.5,"restitution":0.5},"collision":{"enabled":true,"type":"box","halfExtents":[4,0.228,0.094],"radius":0.5,"axis":1,"height":2,"asset":null,"renderAsset":null,"linearOffset":[0,0,0],"angularOffset":[0,0,0]}}},"ac2cf99e-e71c-4e2f-8521-79999894f5f9":{"enabled":true,"tags":[],"children":["9972d7fc-8869-457e-9d11-5f696b2cb1b5"],"position":[-2.635338471285363,0.20515389740467072,0],"rotation":[-90,0,0],"scale":[0.01,0.01,0.01],"resource_id":"ac2cf99e-e71c-4e2f-8521-79999894f5f9","name":"Bowlingpin","components":{"collision":{"enabled":true,"type":"box","halfExtents":[0.079,0.083,0.21],"radius":0.5,"axis":1,"height":2,"asset":null,"renderAsset":null,"linearOffset":[0,0,0.18],"angularOffset":[0,0,0]},"rigidbody":{"enabled":true,"type":"dynamic","mass":1,"linearDamping":0,"angularDamping":0,"linearFactor":[1,1,1],"angularFactor":[1,1,1],"friction":0.5,"restitution":0.5},"script":{"enabled":true,"order":[],"scripts":{}}},"parent":"12b7694e-8a9b-4318-81d0-1414de37862f","template_ent_ids":{"ac2cf99e-e71c-4e2f-8521-79999894f5f9":"1ebe24e7-d6f7-4b97-b53e-4fb22e423fdb","9972d7fc-8869-457e-9d11-5f696b2cb1b5":"5678cb76-f5dc-4d79-9858-7aa3c7cbc054","d0545a39-61c3-402b-a427-d96048ac5de1":"88ccd6f6-c95a-46d4-a0bc-285fb47b6e3c"},"template_id":161934626},"9972d7fc-8869-457e-9d11-5f696b2cb1b5":{"enabled":true,"tags":[],"children":["d0545a39-61c3-402b-a427-d96048ac5de1"],"position":[0,0,0],"rotation":[0,0,0],"scale":[1,1,1],"resource_id":"9972d7fc-8869-457e-9d11-5f696b2cb1b5","name":"Bowlingpin_root","components":{},"parent":"ac2cf99e-e71c-4e2f-8521-79999894f5f9"},"d0545a39-61c3-402b-a427-d96048ac5de1":{"enabled":true,"tags":[],"children":[],"position":[0,0,0],"rotation":[0,0,0],"scale":[1,1,1],"resource_id":"d0545a39-61c3-402b-a427-d96048ac5de1","name":"objCylinder01","components":{"render":{"enabled":true,"type":"asset","asset":161934625,"materialAssets":[161934623],"layers":[0],"batchGroupId":null,"castShadows":true,"castShadowsLightmap":true,"receiveShadows":true,"lightmapped":false,"lightmapSizeMultiplier":1,"castShadowsLightMap":true,"lightMapped":false,"lightMapSizeMultiplier":1,"isStatic":false,"rootBone":null}},"parent":"9972d7fc-8869-457e-9d11-5f696b2cb1b5"},"ac4f199c-05a3-4b8b-909f-c3fec15887b0":{"name":"Bowlingpin","tags":[],"enabled":true,"resource_id":"ac4f199c-05a3-4b8b-909f-c3fec15887b0","parent":"12b7694e-8a9b-4318-81d0-1414de37862f","children":["b9754f8a-3c7b-4517-9ed4-78c670911ffb"],"position":[-2.897420644760132,0.20515389740467072,0.22037423809452017],"rotation":[-90,0,0],"scale":[0.01,0.01,0.01],"components":{"collision":{"enabled":true,"type":"box","halfExtents":[0.079,0.083,0.21],"radius":0.5,"axis":1,"height":2,"asset":null,"renderAsset":null,"linearOffset":[0,0,0.18],"angularOffset":[0,0,0]},"rigidbody":{"enabled":true,"type":"dynamic","mass":1,"linearDamping":0,"angularDamping":0,"linearFactor":[1,1,1],"angularFactor":[1,1,1],"friction":0.5,"restitution":0.5},"script":{"enabled":true,"order":[],"scripts":{}}},"template_id":161934626,"template_ent_ids":{"ac4f199c-05a3-4b8b-909f-c3fec15887b0":"1ebe24e7-d6f7-4b97-b53e-4fb22e423fdb","b9754f8a-3c7b-4517-9ed4-78c670911ffb":"5678cb76-f5dc-4d79-9858-7aa3c7cbc054","aac89de2-5fef-42c4-a087-2cb5968f392c":"88ccd6f6-c95a-46d4-a0bc-285fb47b6e3c"}},"b9754f8a-3c7b-4517-9ed4-78c670911ffb":{"name":"Bowlingpin_root","tags":[],"enabled":true,"resource_id":"b9754f8a-3c7b-4517-9ed4-78c670911ffb","parent":"ac4f199c-05a3-4b8b-909f-c3fec15887b0","children":["aac89de2-5fef-42c4-a087-2cb5968f392c"],"position":[0,0,0],"rotation":[0,0,0],"scale":[1,1,1],"components":{}},"aac89de2-5fef-42c4-a087-2cb5968f392c":{"name":"objCylinder01","tags":[],"enabled":true,"resource_id":"aac89de2-5fef-42c4-a087-2cb5968f392c","parent":"b9754f8a-3c7b-4517-9ed4-78c670911ffb","children":[],"position":[0,0,0],"rotation":[0,0,0],"scale":[1,1,1],"components":{"render":{"enabled":true,"type":"asset","asset":161934625,"materialAssets":[161934623],"layers":[0],"batchGroupId":null,"castShadows":true,"castShadowsLightmap":true,"receiveShadows":true,"lightmapped":false,"lightmapSizeMultiplier":1,"castShadowsLightMap":true,"lightMapped":false,"lightMapSizeMultiplier":1,"isStatic":false,"rootBone":null}}},"595aaef5-5f20-495d-92ce-e6b413fa7b1d":{"name":"Bowlingpin","tags":[],"enabled":true,"resource_id":"595aaef5-5f20-495d-92ce-e6b413fa7b1d","parent":"12b7694e-8a9b-4318-81d0-1414de37862f","children":["dba2faed-9dc6-41f5-956a-da14629600cb"],"position":[-2.9055354595184326,0.20515389740467072,-0.21685699297583771],"rotation":[-90,0,0],"scale":[0.01,0.01,0.01],"components":{"collision":{"enabled":true,"type":"box","halfExtents":[0.079,0.083,0.21],"radius":0.5,"axis":1,"height":2,"asset":null,"renderAsset":null,"linearOffset":[0,0,0.18],"angularOffset":[0,0,0]},"rigidbody":{"enabled":true,"type":"dynamic","mass":1,"linearDamping":0,"angularDamping":0,"linearFactor":[1,1,1],"angularFactor":[1,1,1],"friction":0.5,"restitution":0.5},"script":{"enabled":true,"order":[],"scripts":{}}},"template_id":161934626,"template_ent_ids":{"595aaef5-5f20-495d-92ce-e6b413fa7b1d":"1ebe24e7-d6f7-4b97-b53e-4fb22e423fdb","dba2faed-9dc6-41f5-956a-da14629600cb":"5678cb76-f5dc-4d79-9858-7aa3c7cbc054","bb1b4b3f-835a-41e3-b9aa-ba66f88396f8":"88ccd6f6-c95a-46d4-a0bc-285fb47b6e3c"}},"dba2faed-9dc6-41f5-956a-da14629600cb":{"name":"Bowlingpin_root","tags":[],"enabled":true,"resource_id":"dba2faed-9dc6-41f5-956a-da14629600cb","parent":"595aaef5-5f20-495d-92ce-e6b413fa7b1d","children":["bb1b4b3f-835a-41e3-b9aa-ba66f88396f8"],"position":[0,0,0],"rotation":[0,0,0],"scale":[1,1,1],"components":{}},"bb1b4b3f-835a-41e3-b9aa-ba66f88396f8":{"name":"objCylinder01","tags":[],"enabled":true,"resource_id":"bb1b4b3f-835a-41e3-b9aa-ba66f88396f8","parent":"dba2faed-9dc6-41f5-956a-da14629600cb","children":[],"position":[0,0,0],"rotation":[0,0,0],"scale":[1,1,1],"components":{"render":{"enabled":true,"type":"asset","asset":161934625,"materialAssets":[161934623],"layers":[0],"batchGroupId":null,"castShadows":true,"castShadowsLightmap":true,"receiveShadows":true,"lightmapped":false,"lightmapSizeMultiplier":1,"castShadowsLightMap":true,"lightMapped":false,"lightMapSizeMultiplier":1,"isStatic":false,"rootBone":null}}},"0fadf9b1-84bd-44c0-95a4-abab794e7631":{"name":"Bowlingpin","tags":[],"enabled":true,"resource_id":"0fadf9b1-84bd-44c0-95a4-abab794e7631","parent":"12b7694e-8a9b-4318-81d0-1414de37862f","children":["f9681f3e-6a3c-4117-9379-bf8cf523697f"],"position":[-3.217379093170166,0.20515389740467072,0.011833242405972721],"rotation":[-90,0,0],"scale":[0.01,0.01,0.01],"components":{"collision":{"enabled":true,"type":"box","halfExtents":[0.079,0.083,0.21],"radius":0.5,"axis":1,"height":2,"asset":null,"renderAsset":null,"linearOffset":[0,0,0.18],"angularOffset":[0,0,0]},"rigidbody":{"enabled":true,"type":"dynamic","mass":1,"linearDamping":0,"angularDamping":0,"linearFactor":[1,1,1],"angularFactor":[1,1,1],"friction":0.5,"restitution":0.5},"script":{"enabled":true,"order":[],"scripts":{}}},"template_id":161934626,"template_ent_ids":{"0fadf9b1-84bd-44c0-95a4-abab794e7631":"1ebe24e7-d6f7-4b97-b53e-4fb22e423fdb","f9681f3e-6a3c-4117-9379-bf8cf523697f":"5678cb76-f5dc-4d79-9858-7aa3c7cbc054","884675e9-2315-4e44-9937-dd27936e77f3":"88ccd6f6-c95a-46d4-a0bc-285fb47b6e3c"}},"f9681f3e-6a3c-4117-9379-bf8cf523697f":{"name":"Bowlingpin_root","tags":[],"enabled":true,"resource_id":"f9681f3e-6a3c-4117-9379-bf8cf523697f","parent":"0fadf9b1-84bd-44c0-95a4-abab794e7631","children":["884675e9-2315-4e44-9937-dd27936e77f3"],"position":[0,0,0],"rotation":[0,0,0],"scale":[1,1,1],"components":{}},"884675e9-2315-4e44-9937-dd27936e77f3":{"name":"objCylinder01","tags":[],"enabled":true,"resource_id":"884675e9-2315-4e44-9937-dd27936e77f3","parent":"f9681f3e-6a3c-4117-9379-bf8cf523697f","children":[],"position":[0,0,0],"rotation":[0,0,0],"scale":[1,1,1],"components":{"render":{"enabled":true,"type":"asset","asset":161934625,"materialAssets":[161934623],"layers":[0],"batchGroupId":null,"castShadows":true,"castShadowsLightmap":true,"receiveShadows":true,"lightmapped":false,"lightmapSizeMultiplier":1,"castShadowsLightMap":true,"lightMapped":false,"lightMapSizeMultiplier":1,"isStatic":false,"rootBone":null}}},"9b534c49-83c3-4789-b216-5a2bbbff2995":{"name":"Bowlingpin","tags":[],"enabled":true,"resource_id":"9b534c49-83c3-4789-b216-5a2bbbff2995","parent":"12b7694e-8a9b-4318-81d0-1414de37862f","children":["fe8d5e17-07c9-426a-ac59-918eff1dcba1"],"position":[-3.217379093170166,0.20515389740467072,-0.3374391071316388],"rotation":[-90,0,0],"scale":[0.01,0.01,0.01],"components":{"collision":{"enabled":true,"type":"box","halfExtents":[0.079,0.083,0.21],"radius":0.5,"axis":1,"height":2,"asset":null,"renderAsset":null,"linearOffset":[0,0,0.18],"angularOffset":[0,0,0]},"rigidbody":{"enabled":true,"type":"dynamic","mass":1,"linearDamping":0,"angularDamping":0,"linearFactor":[1,1,1],"angularFactor":[1,1,1],"friction":0.5,"restitution":0.5},"script":{"enabled":true,"order":[],"scripts":{}}},"template_id":161934626,"template_ent_ids":{"9b534c49-83c3-4789-b216-5a2bbbff2995":"1ebe24e7-d6f7-4b97-b53e-4fb22e423fdb","fe8d5e17-07c9-426a-ac59-918eff1dcba1":"5678cb76-f5dc-4d79-9858-7aa3c7cbc054","4cc3bf63-886e-4295-ae38-f4988bc02ea7":"88ccd6f6-c95a-46d4-a0bc-285fb47b6e3c"}},"fe8d5e17-07c9-426a-ac59-918eff1dcba1":{"name":"Bowlingpin_root","tags":[],"enabled":true,"resource_id":"fe8d5e17-07c9-426a-ac59-918eff1dcba1","parent":"9b534c49-83c3-4789-b216-5a2bbbff2995","children":["4cc3bf63-886e-4295-ae38-f4988bc02ea7"],"position":[0,0,0],"rotation":[0,0,0],"scale":[1,1,1],"components":{}},"4cc3bf63-886e-4295-ae38-f4988bc02ea7":{"name":"objCylinder01","tags":[],"enabled":true,"resource_id":"4cc3bf63-886e-4295-ae38-f4988bc02ea7","parent":"fe8d5e17-07c9-426a-ac59-918eff1dcba1","children":[],"position":[0,0,0],"rotation":[0,0,0],"scale":[1,1,1],"components":{"render":{"enabled":true,"type":"asset","asset":161934625,"materialAssets":[161934623],"layers":[0],"batchGroupId":null,"castShadows":true,"castShadowsLightmap":true,"receiveShadows":true,"lightmapped":false,"lightmapSizeMultiplier":1,"castShadowsLightMap":true,"lightMapped":false,"lightMapSizeMultiplier":1,"isStatic":false,"rootBone":null}}},"66b8c385-6677-454a-af76-3777c79d7722":{"name":"Bowlingpin","tags":[],"enabled":true,"resource_id":"66b8c385-6677-454a-af76-3777c79d7722","parent":"12b7694e-8a9b-4318-81d0-1414de37862f","children":["2e73ab13-a192-4b76-82f8-417c1b6bc916"],"position":[-3.217379093170166,0.20515389740467072,0.4151596306763171],"rotation":[-90,0,0],"scale":[0.01,0.01,0.01],"components":{"collision":{"enabled":true,"type":"box","halfExtents":[0.079,0.083,0.21],"radius":0.5,"axis":1,"height":2,"asset":null,"renderAsset":null,"linearOffset":[0,0,0.18],"angularOffset":[0,0,0]},"rigidbody":{"enabled":true,"type":"dynamic","mass":1,"linearDamping":0,"angularDamping":0,"linearFactor":[1,1,1],"angularFactor":[1,1,1],"friction":0.5,"restitution":0.5},"script":{"enabled":true,"order":[],"scripts":{}}},"template_id":161934626,"template_ent_ids":{"66b8c385-6677-454a-af76-3777c79d7722":"1ebe24e7-d6f7-4b97-b53e-4fb22e423fdb","2e73ab13-a192-4b76-82f8-417c1b6bc916":"5678cb76-f5dc-4d79-9858-7aa3c7cbc054","abc54d51-e9ee-4302-a341-0b36f141af66":"88ccd6f6-c95a-46d4-a0bc-285fb47b6e3c"}},"2e73ab13-a192-4b76-82f8-417c1b6bc916":{"name":"Bowlingpin_root","tags":[],"enabled":true,"resource_id":"2e73ab13-a192-4b76-82f8-417c1b6bc916","parent":"66b8c385-6677-454a-af76-3777c79d7722","children":["abc54d51-e9ee-4302-a341-0b36f141af66"],"position":[0,0,0],"rotation":[0,0,0],"scale":[1,1,1],"components":{}},"abc54d51-e9ee-4302-a341-0b36f141af66":{"name":"objCylinder01","tags":[],"enabled":true,"resource_id":"abc54d51-e9ee-4302-a341-0b36f141af66","parent":"2e73ab13-a192-4b76-82f8-417c1b6bc916","children":[],"position":[0,0,0],"rotation":[0,0,0],"scale":[1,1,1],"components":{"render":{"enabled":true,"type":"asset","asset":161934625,"materialAssets":[161934623],"layers":[0],"batchGroupId":null,"castShadows":true,"castShadowsLightmap":true,"receiveShadows":true,"lightmapped":false,"lightmapSizeMultiplier":1,"castShadowsLightMap":true,"lightMapped":false,"lightMapSizeMultiplier":1,"isStatic":false,"rootBone":null}}},"522ef48d-d041-47a8-b439-69d5fa03a83b":{"name":"Bowlingpin","tags":[],"enabled":true,"resource_id":"522ef48d-d041-47a8-b439-69d5fa03a83b","parent":"12b7694e-8a9b-4318-81d0-1414de37862f","children":["e3972df5-59c8-406f-b360-1fc5c602c069"],"position":[-3.525064706802368,0.20515389740467072,0.5565317869186401],"rotation":[-90,0,0],"scale":[0.01,0.01,0.01],"components":{"collision":{"enabled":true,"type":"box","halfExtents":[0.079,0.083,0.21],"radius":0.5,"axis":1,"height":2,"asset":null,"renderAsset":null,"linearOffset":[0,0,0.18],"angularOffset":[0,0,0]},"rigidbody":{"enabled":true,"type":"dynamic","mass":1,"linearDamping":0,"angularDamping":0,"linearFactor":[1,1,1],"angularFactor":[1,1,1],"friction":0.5,"restitution":0.5},"script":{"enabled":true,"order":[],"scripts":{}}},"template_id":161934626,"template_ent_ids":{"522ef48d-d041-47a8-b439-69d5fa03a83b":"1ebe24e7-d6f7-4b97-b53e-4fb22e423fdb","e3972df5-59c8-406f-b360-1fc5c602c069":"5678cb76-f5dc-4d79-9858-7aa3c7cbc054","be532016-725e-4bdd-a3a6-513251c5ac53":"88ccd6f6-c95a-46d4-a0bc-285fb47b6e3c"}},"e3972df5-59c8-406f-b360-1fc5c602c069":{"name":"Bowlingpin_root","tags":[],"enabled":true,"resource_id":"e3972df5-59c8-406f-b360-1fc5c602c069","parent":"522ef48d-d041-47a8-b439-69d5fa03a83b","children":["be532016-725e-4bdd-a3a6-513251c5ac53"],"position":[0,0,0],"rotation":[0,0,0],"scale":[1,1,1],"components":{}},"be532016-725e-4bdd-a3a6-513251c5ac53":{"name":"objCylinder01","tags":[],"enabled":true,"resource_id":"be532016-725e-4bdd-a3a6-513251c5ac53","parent":"e3972df5-59c8-406f-b360-1fc5c602c069","children":[],"position":[0,0,0],"rotation":[0,0,0],"scale":[1,1,1],"components":{"render":{"enabled":true,"type":"asset","asset":161934625,"materialAssets":[161934623],"layers":[0],"batchGroupId":null,"castShadows":true,"castShadowsLightmap":true,"receiveShadows":true,"lightmapped":false,"lightmapSizeMultiplier":1,"castShadowsLightMap":true,"lightMapped":false,"lightMapSizeMultiplier":1,"isStatic":false,"rootBone":null}}},"6981d235-f9b6-4a4d-b058-edd591f69913":{"name":"Bowlingpin","tags":[],"enabled":true,"resource_id":"6981d235-f9b6-4a4d-b058-edd591f69913","parent":"12b7694e-8a9b-4318-81d0-1414de37862f","children":["b8fdecb4-9a2e-4b78-8514-385c72bc8986"],"position":[-3.525064706802368,0.20515389740467072,0.16983739452401714],"rotation":[-90,0,0],"scale":[0.01,0.01,0.01],"components":{"collision":{"enabled":true,"type":"box","halfExtents":[0.079,0.083,0.21],"radius":0.5,"axis":1,"height":2,"asset":null,"renderAsset":null,"linearOffset":[0,0,0.18],"angularOffset":[0,0,0]},"rigidbody":{"enabled":true,"type":"dynamic","mass":1,"linearDamping":0,"angularDamping":0,"linearFactor":[1,1,1],"angularFactor":[1,1,1],"friction":0.5,"restitution":0.5},"script":{"enabled":true,"order":[],"scripts":{}}},"template_id":161934626,"template_ent_ids":{"6981d235-f9b6-4a4d-b058-edd591f69913":"1ebe24e7-d6f7-4b97-b53e-4fb22e423fdb","b8fdecb4-9a2e-4b78-8514-385c72bc8986":"5678cb76-f5dc-4d79-9858-7aa3c7cbc054","6357a96c-3600-44d7-b8c5-49fbbbf945c0":"88ccd6f6-c95a-46d4-a0bc-285fb47b6e3c"}},"b8fdecb4-9a2e-4b78-8514-385c72bc8986":{"name":"Bowlingpin_root","tags":[],"enabled":true,"resource_id":"b8fdecb4-9a2e-4b78-8514-385c72bc8986","parent":"6981d235-f9b6-4a4d-b058-edd591f69913","children":["6357a96c-3600-44d7-b8c5-49fbbbf945c0"],"position":[0,0,0],"rotation":[0,0,0],"scale":[1,1,1],"components":{}},"6357a96c-3600-44d7-b8c5-49fbbbf945c0":{"name":"objCylinder01","tags":[],"enabled":true,"resource_id":"6357a96c-3600-44d7-b8c5-49fbbbf945c0","parent":"b8fdecb4-9a2e-4b78-8514-385c72bc8986","children":[],"position":[0,0,0],"rotation":[0,0,0],"scale":[1,1,1],"components":{"render":{"enabled":true,"type":"asset","asset":161934625,"materialAssets":[161934623],"layers":[0],"batchGroupId":null,"castShadows":true,"castShadowsLightmap":true,"receiveShadows":true,"lightmapped":false,"lightmapSizeMultiplier":1,"castShadowsLightMap":true,"lightMapped":false,"lightMapSizeMultiplier":1,"isStatic":false,"rootBone":null}}},"474d0452-3a62-424b-b5b8-64e0b73697fc":{"name":"Bowlingpin","tags":[],"enabled":true,"resource_id":"474d0452-3a62-424b-b5b8-64e0b73697fc","parent":"12b7694e-8a9b-4318-81d0-1414de37862f","children":["09fc30b5-e815-418b-b3c6-164f240f41fc"],"position":[-3.525064706802368,0.20515389740467072,-0.1877509630604679],"rotation":[-90,0,0],"scale":[0.01,0.01,0.01],"components":{"collision":{"enabled":true,"type":"box","halfExtents":[0.079,0.083,0.21],"radius":0.5,"axis":1,"height":2,"asset":null,"renderAsset":null,"linearOffset":[0,0,0.18],"angularOffset":[0,0,0]},"rigidbody":{"enabled":true,"type":"dynamic","mass":1,"linearDamping":0,"angularDamping":0,"linearFactor":[1,1,1],"angularFactor":[1,1,1],"friction":0.5,"restitution":0.5},"script":{"enabled":true,"order":[],"scripts":{}}},"template_id":161934626,"template_ent_ids":{"474d0452-3a62-424b-b5b8-64e0b73697fc":"1ebe24e7-d6f7-4b97-b53e-4fb22e423fdb","09fc30b5-e815-418b-b3c6-164f240f41fc":"5678cb76-f5dc-4d79-9858-7aa3c7cbc054","c27b729a-8f1b-4604-82ec-7d2000cf1f3b":"88ccd6f6-c95a-46d4-a0bc-285fb47b6e3c"}},"09fc30b5-e815-418b-b3c6-164f240f41fc":{"name":"Bowlingpin_root","tags":[],"enabled":true,"resource_id":"09fc30b5-e815-418b-b3c6-164f240f41fc","parent":"474d0452-3a62-424b-b5b8-64e0b73697fc","children":["c27b729a-8f1b-4604-82ec-7d2000cf1f3b"],"position":[0,0,0],"rotation":[0,0,0],"scale":[1,1,1],"components":{}},"c27b729a-8f1b-4604-82ec-7d2000cf1f3b":{"name":"objCylinder01","tags":[],"enabled":true,"resource_id":"c27b729a-8f1b-4604-82ec-7d2000cf1f3b","parent":"09fc30b5-e815-418b-b3c6-164f240f41fc","children":[],"position":[0,0,0],"rotation":[0,0,0],"scale":[1,1,1],"components":{"render":{"enabled":true,"type":"asset","asset":161934625,"materialAssets":[161934623],"layers":[0],"batchGroupId":null,"castShadows":true,"castShadowsLightmap":true,"receiveShadows":true,"lightmapped":false,"lightmapSizeMultiplier":1,"castShadowsLightMap":true,"lightMapped":false,"lightMapSizeMultiplier":1,"isStatic":false,"rootBone":null}}},"18390857-64fe-4e41-92f0-d70a34123e87":{"name":"Bowlingpin","tags":[],"enabled":true,"resource_id":"18390857-64fe-4e41-92f0-d70a34123e87","parent":"12b7694e-8a9b-4318-81d0-1414de37862f","children":["a9509b49-233b-4945-85e5-2952da4aad4d"],"position":[-3.525064706802368,0.20515389740467072,-0.49960128098664325],"rotation":[-90,0,0],"scale":[0.01,0.01,0.01],"components":{"collision":{"enabled":true,"type":"box","halfExtents":[0.079,0.083,0.21],"radius":0.5,"axis":1,"height":2,"asset":null,"renderAsset":null,"linearOffset":[0,0,0.18],"angularOffset":[0,0,0]},"rigidbody":{"enabled":true,"type":"dynamic","mass":1,"linearDamping":0,"angularDamping":0,"linearFactor":[1,1,1],"angularFactor":[1,1,1],"friction":0.5,"restitution":0.5},"script":{"enabled":true,"order":[],"scripts":{}}},"template_id":161934626,"template_ent_ids":{"18390857-64fe-4e41-92f0-d70a34123e87":"1ebe24e7-d6f7-4b97-b53e-4fb22e423fdb","a9509b49-233b-4945-85e5-2952da4aad4d":"5678cb76-f5dc-4d79-9858-7aa3c7cbc054","ecf6c370-0cd6-4a3b-99a2-e39b86a057db":"88ccd6f6-c95a-46d4-a0bc-285fb47b6e3c"}},"a9509b49-233b-4945-85e5-2952da4aad4d":{"name":"Bowlingpin_root","tags":[],"enabled":true,"resource_id":"a9509b49-233b-4945-85e5-2952da4aad4d","parent":"18390857-64fe-4e41-92f0-d70a34123e87","children":["ecf6c370-0cd6-4a3b-99a2-e39b86a057db"],"position":[0,0,0],"rotation":[0,0,0],"scale":[1,1,1],"components":{}},"ecf6c370-0cd6-4a3b-99a2-e39b86a057db":{"name":"objCylinder01","tags":[],"enabled":true,"resource_id":"ecf6c370-0cd6-4a3b-99a2-e39b86a057db","parent":"a9509b49-233b-4945-85e5-2952da4aad4d","children":[],"position":[0,0,0],"rotation":[0,0,0],"scale":[1,1,1],"components":{"render":{"enabled":true,"type":"asset","asset":161934625,"materialAssets":[161934623],"layers":[0],"batchGroupId":null,"castShadows":true,"castShadowsLightmap":true,"receiveShadows":true,"lightmapped":false,"lightmapSizeMultiplier":1,"castShadowsLightMap":true,"lightMapped":false,"lightMapSizeMultiplier":1,"isStatic":false,"rootBone":null}}},"4d532b31-3d02-4a06-94f5-83b743fb8a83":{"name":"Scoreboard Entity","tags":[],"enabled":true,"resource_id":"4d532b31-3d02-4a06-94f5-83b743fb8a83","parent":"a0faf138-674c-44dc-a9b8-e5269530d25f","children":["eb1b7d35-0372-4f41-b800-1fc629e889d2"],"position":[0,7.85442011874693e-7,2.751995187288969e-9],"rotation":[0,0,0],"scale":[1,1,1],"components":{"script":{"enabled":true,"order":["score"],"scripts":{"score":{"enabled":true,"attributes":{}}}}}},"eb1b7d35-0372-4f41-b800-1fc629e889d2":{"name":"Text","tags":[],"enabled":true,"resource_id":"eb1b7d35-0372-4f41-b800-1fc629e889d2","parent":"4d532b31-3d02-4a06-94f5-83b743fb8a83","children":[],"position":[-0.17516437371140484,4.361001761284111,-5.501318336899204],"rotation":[-83.14011092020733,0,0],"scale":[1,1,1],"components":{"element":{"enabled":true,"type":"image","anchor":[0.5,0.5,0.5,0.5],"pivot":[0.5,0.5],"text":"Text","key":null,"fontAsset":null,"fontSize":32,"minFontSize":8,"maxFontSize":32,"autoFitWidth":false,"autoFitHeight":false,"maxLines":null,"lineHeight":32,"wrapLines":true,"spacing":1,"color":[0.9450980392156862,0.16862745098039217,0.16862745098039217],"opacity":1,"textureAsset":null,"spriteAsset":null,"spriteFrame":0,"pixelsPerUnit":null,"width":0.3,"height":5,"margin":[-0.325,1.861,0.025,-6.861],"alignment":[0.5,0.5],"outlineColor":[0,0,0,1],"outlineThickness":0,"shadowColor":[0,0,0,1],"shadowOffset":[0,0],"rect":[0,0,1,1],"materialAsset":162428670,"autoWidth":true,"autoHeight":true,"fitMode":"stretch","useInput":false,"batchGroupId":null,"mask":false,"layers":[4],"enableMarkup":false}}},"e1a0d158-5eed-435b-b1ea-16e38b60074a":{"name":"Scoreboard","tags":[],"enabled":true,"resource_id":"e1a0d158-5eed-435b-b1ea-16e38b60074a","parent":"12b7694e-8a9b-4318-81d0-1414de37862f","children":["9a82ed81-a678-462c-8df6-656d902ec96c","2ebd1391-9ae9-457c-a229-a03f84fc3aeb","64c387bb-c2b3-475a-87e2-4692cf51411e","4f27b6d4-6ea4-4184-97f5-feed4c9b11e3","5d2ca358-2a26-4d0e-86ce-aa4a96f53b2e","0e40aac3-e51d-4c8e-84d1-204ca75b8bf9","7843435d-8dc6-4361-b3bd-b01a3973c1c7","e2bd2147-ecbd-4e57-ad74-c41d7dd2dba1","6d26e699-4c5f-4124-a8bd-0c9152e0323f","68686347-9242-469d-94b0-a3ad1626c593","6db2fdef-9769-4dca-836e-4a01ef40189a"],"position":[-4,2,0],"rotation":[0,0,0],"scale":[1,1,1],"components":{"script":{"enabled":true,"order":["scoreboard"],"scripts":{"scoreboard":{"enabled":true,"attributes":{}}}}}},"9a82ed81-a678-462c-8df6-656d902ec96c":{"name":"Frame1","tags":[],"enabled":true,"resource_id":"9a82ed81-a678-462c-8df6-656d902ec96c","parent":"e1a0d158-5eed-435b-b1ea-16e38b60074a","children":["6a938fc4-b0c5-4bd3-9ae1-0c707b4f69df","0c07cc84-f341-47b1-9c0e-c2a63322034e","b60212a8-897b-4fec-a957-b6a12d05fc8e"],"position":[-5,2,0],"rotation":[0,0,0],"scale":[1,1,1],"components":{}},"0e40aac3-e51d-4c8e-84d1-204ca75b8bf9":{"name":"Frame6","tags":[],"enabled":true,"resource_id":"0e40aac3-e51d-4c8e-84d1-204ca75b8bf9","parent":"e1a0d158-5eed-435b-b1ea-16e38b60074a","children":["3ec3c500-10f3-44a4-9c5a-aecc654d62f7","50e6d3b0-d7ec-40a0-9d04-64d91ae7d87b","f70f2e25-2319-4b5a-8ff9-2c75f87f540b"],"position":[0,2,0],"rotation":[0,0,0],"scale":[1,1,1],"components":{}},"6d26e699-4c5f-4124-a8bd-0c9152e0323f":{"name":"Frame9","tags":[],"enabled":true,"resource_id":"6d26e699-4c5f-4124-a8bd-0c9152e0323f","parent":"e1a0d158-5eed-435b-b1ea-16e38b60074a","children":["0c937940-48c8-40d2-b537-7deecb1d9c94","d3478176-6555-4dbe-b67b-8f7f92bc2d57","83d478c6-a412-42b3-91f6-1d6bae31c2da"],"position":[3,2,0],"rotation":[0,0,0],"scale":[1,1,1],"components":{}},"7843435d-8dc6-4361-b3bd-b01a3973c1c7":{"name":"Frame7","tags":[],"enabled":true,"resource_id":"7843435d-8dc6-4361-b3bd-b01a3973c1c7","parent":"e1a0d158-5eed-435b-b1ea-16e38b60074a","children":["a0e1e10e-0df7-4496-af48-32829703ee11","fb322921-9212-41a7-b4a1-de7a1954ca0e","49fb8c24-acc3-4260-8851-88190803b2fa"],"position":[1,2,0],"rotation":[0,0,0],"scale":[1,1,1],"components":{}},"4f27b6d4-6ea4-4184-97f5-feed4c9b11e3":{"name":"Frame4","tags":[],"enabled":true,"resource_id":"4f27b6d4-6ea4-4184-97f5-feed4c9b11e3","parent":"e1a0d158-5eed-435b-b1ea-16e38b60074a","children":["9ed1ca09-c4e3-4865-9fb1-79579aaf932b","cf9d54e5-4a67-4d7b-b64e-4eb5f2dced4c","b6dcd6c4-3083-419a-8a3b-f7f3fc8bd278"],"position":[-2,2,0],"rotation":[0,0,0],"scale":[1,1,1],"components":{}},"2ebd1391-9ae9-457c-a229-a03f84fc3aeb":{"name":"Frame2","tags":[],"enabled":true,"resource_id":"2ebd1391-9ae9-457c-a229-a03f84fc3aeb","parent":"e1a0d158-5eed-435b-b1ea-16e38b60074a","children":["3abe67b2-14c1-4699-8c7a-fc130b4f68a4","7856099d-fd20-4ed6-8667-a0d7b9be2369","1197cb25-e498-4bb6-827b-7dcf6772cf4a"],"position":[-4,2,0],"rotation":[0,0,0],"scale":[1,1,1],"components":{}},"e2bd2147-ecbd-4e57-ad74-c41d7dd2dba1":{"name":"Frame8","tags":[],"enabled":true,"resource_id":"e2bd2147-ecbd-4e57-ad74-c41d7dd2dba1","parent":"e1a0d158-5eed-435b-b1ea-16e38b60074a","children":["3d0b7467-79d8-4ae3-9823-eaa088282379","7a69c2cc-fa8a-410c-8193-377bc8635c11","09dab511-9768-4ec1-a432-4c62c1b4bad3"],"position":[2,2,0],"rotation":[0,0,0],"scale":[1,1,1],"components":{}},"5d2ca358-2a26-4d0e-86ce-aa4a96f53b2e":{"name":"Frame5","tags":[],"enabled":true,"resource_id":"5d2ca358-2a26-4d0e-86ce-aa4a96f53b2e","parent":"e1a0d158-5eed-435b-b1ea-16e38b60074a","children":["132f8b1a-4be2-4d6e-ae62-cf7265c21ec7","77792b62-cc1c-4c55-b0f7-1e131afdfde8","ad32453e-7df0-4943-9401-cdd1a774b7f2"],"position":[-1,2,0],"rotation":[0,0,0],"scale":[1,1,1],"components":{}},"64c387bb-c2b3-475a-87e2-4692cf51411e":{"name":"Frame3","tags":[],"enabled":true,"resource_id":"64c387bb-c2b3-475a-87e2-4692cf51411e","parent":"e1a0d158-5eed-435b-b1ea-16e38b60074a","children":["773c7197-4120-48e7-bf1c-c721d1783b98","d1a9af3d-42c7-4984-b318-a16875961556","46a06e34-f3df-42e4-849f-472a949167ce"],"position":[-3,2,0],"rotation":[0,0,0],"scale":[1,1,1],"components":{}},"68686347-9242-469d-94b0-a3ad1626c593":{"name":"Frame10","tags":[],"enabled":true,"resource_id":"68686347-9242-469d-94b0-a3ad1626c593","parent":"e1a0d158-5eed-435b-b1ea-16e38b60074a","children":["81ae3d1c-3447-4706-852a-e9e2aecb728c","3fec00bc-c8ec-4cd8-9bc0-a66b195341aa","82db32db-e2ae-4ee7-a2e9-ece341a63cd9"],"position":[4,2,0],"rotation":[0,0,0],"scale":[1,1,1],"components":{}},"6a938fc4-b0c5-4bd3-9ae1-0c707b4f69df":{"name":"Roll1","tags":[],"enabled":true,"resource_id":"6a938fc4-b0c5-4bd3-9ae1-0c707b4f69df","parent":"9a82ed81-a678-462c-8df6-656d902ec96c","children":[],"position":[-0.15,0.3,0],"rotation":[0,0,0],"scale":[0.3,0.3,0.3],"components":{"element":{"enabled":true,"type":"text","anchor":[0.5,0.5,0.5,0.5],"pivot":[0.5,0.5],"text":"Text","key":null,"fontAsset":null,"fontSize":32,"minFontSize":8,"maxFontSize":32,"autoFitWidth":false,"autoFitHeight":false,"maxLines":null,"lineHeight":32,"wrapLines":true,"spacing":1,"color":[1,1,1],"opacity":1,"textureAsset":null,"spriteAsset":null,"spriteFrame":0,"pixelsPerUnit":null,"width":32,"height":32,"margin":[-0.15,0.3,0.15,-0.3],"alignment":[0.5,0.5],"outlineColor":[0,0,0,1],"outlineThickness":0,"shadowColor":[0,0,0,1],"shadowOffset":[0,0],"rect":[0,0,1,1],"materialAsset":null,"autoWidth":true,"autoHeight":true,"fitMode":"stretch","useInput":false,"batchGroupId":null,"mask":false,"layers":[4],"enableMarkup":false}}},"0c07cc84-f341-47b1-9c0e-c2a63322034e":{"name":"Roll2","tags":[],"enabled":true,"resource_id":"0c07cc84-f341-47b1-9c0e-c2a63322034e","parent":"9a82ed81-a678-462c-8df6-656d902ec96c","children":[],"position":[1.1500000953674316,0.3000001907348633,0],"rotation":[0,0,0],"scale":[0.3,0.3,0.3],"components":{"element":{"enabled":true,"type":"text","anchor":[0.5,0.5,0.5,0.5],"pivot":[0.5,0.5],"text":"Text","key":null,"fontAsset":null,"fontSize":32,"minFontSize":8,"maxFontSize":32,"autoFitWidth":false,"autoFitHeight":false,"maxLines":null,"lineHeight":32,"wrapLines":true,"spacing":1,"color":[1,1,1],"opacity":1,"textureAsset":null,"spriteAsset":null,"spriteFrame":0,"pixelsPerUnit":null,"width":0,"height":0,"margin":[0.15,0.3,-0.15,-0.3],"alignment":[0.5,0.5],"outlineColor":[0,0,0,1],"outlineThickness":0,"shadowColor":[0,0,0,1],"shadowOffset":[0,0],"rect":[0,0,1,1],"materialAsset":null,"autoWidth":true,"autoHeight":true,"fitMode":"stretch","useInput":false,"batchGroupId":null,"mask":false,"layers":[4],"enableMarkup":false}}},"6db2fdef-9769-4dca-836e-4a01ef40189a":{"name":"Bonus","tags":[],"enabled":true,"resource_id":"6db2fdef-9769-4dca-836e-4a01ef40189a","parent":"e1a0d158-5eed-435b-b1ea-16e38b60074a","children":[],"position":[5.5,0,0],"rotation":[0,0,0],"scale":[1,1,1],"components":{"element":{"enabled":true,"type":"text","anchor":[0.5,0.5,0.5,0.5],"pivot":[0.5,0.5],"text":"Text","key":null,"fontAsset":null,"fontSize":32,"minFontSize":8,"maxFontSize":32,"autoFitWidth":false,"autoFitHeight":false,"maxLines":null,"lineHeight":32,"wrapLines":true,"spacing":1,"color":[1,1,1],"opacity":1,"textureAsset":null,"spriteAsset":null,"spriteFrame":0,"pixelsPerUnit":null,"width":32,"height":32,"margin":[5.5,0,-5.5,0],"alignment":[0.5,0.5],"outlineColor":[0,0,0,1],"outlineThickness":0,"shadowColor":[0,0,0,1],"shadowOffset":[0,0],"rect":[0,0,1,1],"materialAsset":null,"autoWidth":true,"autoHeight":true,"fitMode":"stretch","useInput":false,"batchGroupId":null,"mask":false,"layers":[4],"enableMarkup":false}}},"b60212a8-897b-4fec-a957-b6a12d05fc8e":{"name":"Total","tags":[],"enabled":true,"resource_id":"b60212a8-897b-4fec-a957-b6a12d05fc8e","parent":"9a82ed81-a678-462c-8df6-656d902ec96c","children":[],"position":[0,-0.2,0],"rotation":[0,0,0],"scale":[0.3,0.3,0.3],"components":{"element":{"enabled":true,"type":"text","anchor":[0.5,0.5,0.5,0.5],"pivot":[0.5,0.5],"text":"Text","key":null,"fontAsset":null,"fontSize":32,"minFontSize":8,"maxFontSize":32,"autoFitWidth":false,"autoFitHeight":false,"maxLines":null,"lineHeight":32,"wrapLines":true,"spacing":1,"color":[1,1,1],"opacity":1,"textureAsset":null,"spriteAsset":null,"spriteFrame":0,"pixelsPerUnit":null,"width":0,"height":0,"margin":[0,-0.2,0,0.2],"alignment":[0.5,0.5],"outlineColor":[0,0,0,1],"outlineThickness":0,"shadowColor":[0,0,0,1],"shadowOffset":[0,0],"rect":[0,0,1,1],"materialAsset":null,"autoWidth":true,"autoHeight":true,"fitMode":"stretch","useInput":false,"batchGroupId":null,"mask":false,"layers":[4],"enableMarkup":false}}},"3abe67b2-14c1-4699-8c7a-fc130b4f68a4":{"name":"Roll1","tags":[],"enabled":true,"resource_id":"3abe67b2-14c1-4699-8c7a-fc130b4f68a4","parent":"2ebd1391-9ae9-457c-a229-a03f84fc3aeb","children":[],"position":[-0.15,0.3,0],"rotation":[0,0,0],"scale":[0.3,0.3,0.3],"components":{"element":{"enabled":true,"type":"text","anchor":[0.5,0.5,0.5,0.5],"pivot":[0.5,0.5],"text":"Text","key":null,"fontAsset":null,"fontSize":32,"minFontSize":8,"maxFontSize":32,"autoFitWidth":false,"autoFitHeight":false,"maxLines":null,"lineHeight":32,"wrapLines":true,"spacing":1,"color":[1,1,1],"opacity":1,"textureAsset":null,"spriteAsset":null,"spriteFrame":0,"pixelsPerUnit":null,"width":0,"height":0,"margin":[-0.15,0.3,0.15,-0.3],"alignment":[0.5,0.5],"outlineColor":[0,0,0,1],"outlineThickness":0,"shadowColor":[0,0,0,1],"shadowOffset":[0,0],"rect":[0,0,1,1],"materialAsset":null,"autoWidth":true,"autoHeight":true,"fitMode":"stretch","useInput":false,"batchGroupId":null,"mask":false,"layers":[4],"enableMarkup":false}}},"7856099d-fd20-4ed6-8667-a0d7b9be2369":{"name":"Roll2","tags":[],"enabled":true,"resource_id":"7856099d-fd20-4ed6-8667-a0d7b9be2369","parent":"2ebd1391-9ae9-457c-a229-a03f84fc3aeb","children":[],"position":[1.1500000953674316,0.3000001907348633,0],"rotation":[0,0,0],"scale":[0.3,0.3,0.3],"components":{"element":{"enabled":true,"type":"text","anchor":[0.5,0.5,0.5,0.5],"pivot":[0.5,0.5],"text":"Text","key":null,"fontAsset":null,"fontSize":32,"minFontSize":8,"maxFontSize":32,"autoFitWidth":false,"autoFitHeight":false,"maxLines":null,"lineHeight":32,"wrapLines":true,"spacing":1,"color":[1,1,1],"opacity":1,"textureAsset":null,"spriteAsset":null,"spriteFrame":0,"pixelsPerUnit":null,"width":0,"height":0,"margin":[1.1500000953674316,0.3000001907348633,-1.1500000953674316,-0.3000001907348633],"alignment":[0.5,0.5],"outlineColor":[0,0,0,1],"outlineThickness":0,"shadowColor":[0,0,0,1],"shadowOffset":[0,0],"rect":[0,0,1,1],"materialAsset":null,"autoWidth":true,"autoHeight":true,"fitMode":"stretch","useInput":false,"batchGroupId":null,"mask":false,"layers":[4],"enableMarkup":false}}},"1197cb25-e498-4bb6-827b-7dcf6772cf4a":{"name":"Total","tags":[],"enabled":true,"resource_id":"1197cb25-e498-4bb6-827b-7dcf6772cf4a","parent":"2ebd1391-9ae9-457c-a229-a03f84fc3aeb","children":[],"position":[0,-0.2,0],"rotation":[0,0,0],"scale":[0.3,0.3,0.3],"components":{"element":{"enabled":true,"type":"text","anchor":[0.5,0.5,0.5,0.5],"pivot":[0.5,0.5],"text":"Text","key":null,"fontAsset":null,"fontSize":32,"minFontSize":8,"maxFontSize":32,"autoFitWidth":false,"autoFitHeight":false,"maxLines":null,"lineHeight":32,"wrapLines":true,"spacing":1,"color":[1,1,1],"opacity":1,"textureAsset":null,"spriteAsset":null,"spriteFrame":0,"pixelsPerUnit":null,"width":0,"height":0,"margin":[0,-0.2,0,0.2],"alignment":[0.5,0.5],"outlineColor":[0,0,0,1],"outlineThickness":0,"shadowColor":[0,0,0,1],"shadowOffset":[0,0],"rect":[0,0,1,1],"materialAsset":null,"autoWidth":true,"autoHeight":true,"fitMode":"stretch","useInput":false,"batchGroupId":null,"mask":false,"layers":[4],"enableMarkup":false}}},"773c7197-4120-48e7-bf1c-c721d1783b98":{"name":"Roll1","tags":[],"enabled":true,"resource_id":"773c7197-4120-48e7-bf1c-c721d1783b98","parent":"64c387bb-c2b3-475a-87e2-4692cf51411e","children":[],"position":[-0.15,0.3,0],"rotation":[0,0,0],"scale":[0.3,0.3,0.3],"components":{"element":{"enabled":true,"type":"text","anchor":[0.5,0.5,0.5,0.5],"pivot":[0.5,0.5],"text":"Text","key":null,"fontAsset":null,"fontSize":32,"minFontSize":8,"maxFontSize":32,"autoFitWidth":false,"autoFitHeight":false,"maxLines":null,"lineHeight":32,"wrapLines":true,"spacing":1,"color":[1,1,1],"opacity":1,"textureAsset":null,"spriteAsset":null,"spriteFrame":0,"pixelsPerUnit":null,"width":0,"height":0,"margin":[-0.15,0.3,0.15,-0.3],"alignment":[0.5,0.5],"outlineColor":[0,0,0,1],"outlineThickness":0,"shadowColor":[0,0,0,1],"shadowOffset":[0,0],"rect":[0,0,1,1],"materialAsset":null,"autoWidth":true,"autoHeight":true,"fitMode":"stretch","useInput":false,"batchGroupId":null,"mask":false,"layers":[4],"enableMarkup":false}}},"d1a9af3d-42c7-4984-b318-a16875961556":{"name":"Roll2","tags":[],"enabled":true,"resource_id":"d1a9af3d-42c7-4984-b318-a16875961556","parent":"64c387bb-c2b3-475a-87e2-4692cf51411e","children":[],"position":[1.1500000953674316,0.3000001907348633,0],"rotation":[0,0,0],"scale":[0.3,0.3,0.3],"components":{"element":{"enabled":true,"type":"text","anchor":[0.5,0.5,0.5,0.5],"pivot":[0.5,0.5],"text":"Text","key":null,"fontAsset":null,"fontSize":32,"minFontSize":8,"maxFontSize":32,"autoFitWidth":false,"autoFitHeight":false,"maxLines":null,"lineHeight":32,"wrapLines":true,"spacing":1,"color":[1,1,1],"opacity":1,"textureAsset":null,"spriteAsset":null,"spriteFrame":0,"pixelsPerUnit":null,"width":0,"height":0,"margin":[1.1500000953674316,0.3000001907348633,-1.1500000953674316,-0.3000001907348633],"alignment":[0.5,0.5],"outlineColor":[0,0,0,1],"outlineThickness":0,"shadowColor":[0,0,0,1],"shadowOffset":[0,0],"rect":[0,0,1,1],"materialAsset":null,"autoWidth":true,"autoHeight":true,"fitMode":"stretch","useInput":false,"batchGroupId":null,"mask":false,"layers":[4],"enableMarkup":false}}},"46a06e34-f3df-42e4-849f-472a949167ce":{"name":"Total","tags":[],"enabled":true,"resource_id":"46a06e34-f3df-42e4-849f-472a949167ce","parent":"64c387bb-c2b3-475a-87e2-4692cf51411e","children":[],"position":[0,-0.2,0],"rotation":[0,0,0],"scale":[0.3,0.3,0.3],"components":{"element":{"enabled":true,"type":"text","anchor":[0.5,0.5,0.5,0.5],"pivot":[0.5,0.5],"text":"Text","key":null,"fontAsset":null,"fontSize":32,"minFontSize":8,"maxFontSize":32,"autoFitWidth":false,"autoFitHeight":false,"maxLines":null,"lineHeight":32,"wrapLines":true,"spacing":1,"color":[1,1,1],"opacity":1,"textureAsset":null,"spriteAsset":null,"spriteFrame":0,"pixelsPerUnit":null,"width":0,"height":0,"margin":[0,-0.2,0,0.2],"alignment":[0.5,0.5],"outlineColor":[0,0,0,1],"outlineThickness":0,"shadowColor":[0,0,0,1],"shadowOffset":[0,0],"rect":[0,0,1,1],"materialAsset":null,"autoWidth":true,"autoHeight":true,"fitMode":"stretch","useInput":false,"batchGroupId":null,"mask":false,"layers":[4],"enableMarkup":false}}},"9ed1ca09-c4e3-4865-9fb1-79579aaf932b":{"name":"Roll1","tags":[],"enabled":true,"resource_id":"9ed1ca09-c4e3-4865-9fb1-79579aaf932b","parent":"4f27b6d4-6ea4-4184-97f5-feed4c9b11e3","children":[],"position":[-0.15,0.3,0],"rotation":[0,0,0],"scale":[0.3,0.3,0.3],"components":{"element":{"enabled":true,"type":"text","anchor":[0.5,0.5,0.5,0.5],"pivot":[0.5,0.5],"text":"Text","key":null,"fontAsset":null,"fontSize":32,"minFontSize":8,"maxFontSize":32,"autoFitWidth":false,"autoFitHeight":false,"maxLines":null,"lineHeight":32,"wrapLines":true,"spacing":1,"color":[1,1,1],"opacity":1,"textureAsset":null,"spriteAsset":null,"spriteFrame":0,"pixelsPerUnit":null,"width":0,"height":0,"margin":[-0.15,0.3,0.15,-0.3],"alignment":[0.5,0.5],"outlineColor":[0,0,0,1],"outlineThickness":0,"shadowColor":[0,0,0,1],"shadowOffset":[0,0],"rect":[0,0,1,1],"materialAsset":null,"autoWidth":true,"autoHeight":true,"fitMode":"stretch","useInput":false,"batchGroupId":null,"mask":false,"layers":[4],"enableMarkup":false}}},"cf9d54e5-4a67-4d7b-b64e-4eb5f2dced4c":{"name":"Roll2","tags":[],"enabled":true,"resource_id":"cf9d54e5-4a67-4d7b-b64e-4eb5f2dced4c","parent":"4f27b6d4-6ea4-4184-97f5-feed4c9b11e3","children":[],"position":[1.1500000953674316,0.3000001907348633,0],"rotation":[0,0,0],"scale":[0.3,0.3,0.3],"components":{"element":{"enabled":true,"type":"text","anchor":[0.5,0.5,0.5,0.5],"pivot":[0.5,0.5],"text":"Text","key":null,"fontAsset":null,"fontSize":32,"minFontSize":8,"maxFontSize":32,"autoFitWidth":false,"autoFitHeight":false,"maxLines":null,"lineHeight":32,"wrapLines":true,"spacing":1,"color":[1,1,1],"opacity":1,"textureAsset":null,"spriteAsset":null,"spriteFrame":0,"pixelsPerUnit":null,"width":0,"height":0,"margin":[1.1500000953674316,0.3000001907348633,-1.1500000953674316,-0.3000001907348633],"alignment":[0.5,0.5],"outlineColor":[0,0,0,1],"outlineThickness":0,"shadowColor":[0,0,0,1],"shadowOffset":[0,0],"rect":[0,0,1,1],"materialAsset":null,"autoWidth":true,"autoHeight":true,"fitMode":"stretch","useInput":false,"batchGroupId":null,"mask":false,"layers":[4],"enableMarkup":false}}},"b6dcd6c4-3083-419a-8a3b-f7f3fc8bd278":{"name":"Total","tags":[],"enabled":true,"resource_id":"b6dcd6c4-3083-419a-8a3b-f7f3fc8bd278","parent":"4f27b6d4-6ea4-4184-97f5-feed4c9b11e3","children":[],"position":[0,-0.2,0],"rotation":[0,0,0],"scale":[0.3,0.3,0.3],"components":{"element":{"enabled":true,"type":"text","anchor":[0.5,0.5,0.5,0.5],"pivot":[0.5,0.5],"text":"Text","key":null,"fontAsset":null,"fontSize":32,"minFontSize":8,"maxFontSize":32,"autoFitWidth":false,"autoFitHeight":false,"maxLines":null,"lineHeight":32,"wrapLines":true,"spacing":1,"color":[1,1,1],"opacity":1,"textureAsset":null,"spriteAsset":null,"spriteFrame":0,"pixelsPerUnit":null,"width":0,"height":0,"margin":[0,-0.2,0,0.2],"alignment":[0.5,0.5],"outlineColor":[0,0,0,1],"outlineThickness":0,"shadowColor":[0,0,0,1],"shadowOffset":[0,0],"rect":[0,0,1,1],"materialAsset":null,"autoWidth":true,"autoHeight":true,"fitMode":"stretch","useInput":false,"batchGroupId":null,"mask":false,"layers":[4],"enableMarkup":false}}},"132f8b1a-4be2-4d6e-ae62-cf7265c21ec7":{"name":"Roll1","tags":[],"enabled":true,"resource_id":"132f8b1a-4be2-4d6e-ae62-cf7265c21ec7","parent":"5d2ca358-2a26-4d0e-86ce-aa4a96f53b2e","children":[],"position":[-0.15,0.3,0],"rotation":[0,0,0],"scale":[0.3,0.3,0.3],"components":{"element":{"enabled":true,"type":"text","anchor":[0.5,0.5,0.5,0.5],"pivot":[0.5,0.5],"text":"Text","key":null,"fontAsset":null,"fontSize":32,"minFontSize":8,"maxFontSize":32,"autoFitWidth":false,"autoFitHeight":false,"maxLines":null,"lineHeight":32,"wrapLines":true,"spacing":1,"color":[1,1,1],"opacity":1,"textureAsset":null,"spriteAsset":null,"spriteFrame":0,"pixelsPerUnit":null,"width":0,"height":0,"margin":[-0.15,0.3,0.15,-0.3],"alignment":[0.5,0.5],"outlineColor":[0,0,0,1],"outlineThickness":0,"shadowColor":[0,0,0,1],"shadowOffset":[0,0],"rect":[0,0,1,1],"materialAsset":null,"autoWidth":true,"autoHeight":true,"fitMode":"stretch","useInput":false,"batchGroupId":null,"mask":false,"layers":[4],"enableMarkup":false}}},"77792b62-cc1c-4c55-b0f7-1e131afdfde8":{"name":"Roll2","tags":[],"enabled":true,"resource_id":"77792b62-cc1c-4c55-b0f7-1e131afdfde8","parent":"5d2ca358-2a26-4d0e-86ce-aa4a96f53b2e","children":[],"position":[1.1500000953674316,0.3000001907348633,0],"rotation":[0,0,0],"scale":[0.3,0.3,0.3],"components":{"element":{"enabled":true,"type":"text","anchor":[0.5,0.5,0.5,0.5],"pivot":[0.5,0.5],"text":"Text","key":null,"fontAsset":null,"fontSize":32,"minFontSize":8,"maxFontSize":32,"autoFitWidth":false,"autoFitHeight":false,"maxLines":null,"lineHeight":32,"wrapLines":true,"spacing":1,"color":[1,1,1],"opacity":1,"textureAsset":null,"spriteAsset":null,"spriteFrame":0,"pixelsPerUnit":null,"width":0,"height":0,"margin":[1.1500000953674316,0.3000001907348633,-1.1500000953674316,-0.3000001907348633],"alignment":[0.5,0.5],"outlineColor":[0,0,0,1],"outlineThickness":0,"shadowColor":[0,0,0,1],"shadowOffset":[0,0],"rect":[0,0,1,1],"materialAsset":null,"autoWidth":true,"autoHeight":true,"fitMode":"stretch","useInput":false,"batchGroupId":null,"mask":false,"layers":[4],"enableMarkup":false}}},"ad32453e-7df0-4943-9401-cdd1a774b7f2":{"name":"Total","tags":[],"enabled":true,"resource_id":"ad32453e-7df0-4943-9401-cdd1a774b7f2","parent":"5d2ca358-2a26-4d0e-86ce-aa4a96f53b2e","children":[],"position":[0,-0.2,0],"rotation":[0,0,0],"scale":[0.3,0.3,0.3],"components":{"element":{"enabled":true,"type":"text","anchor":[0.5,0.5,0.5,0.5],"pivot":[0.5,0.5],"text":"Text","key":null,"fontAsset":null,"fontSize":32,"minFontSize":8,"maxFontSize":32,"autoFitWidth":false,"autoFitHeight":false,"maxLines":null,"lineHeight":32,"wrapLines":true,"spacing":1,"color":[1,1,1],"opacity":1,"textureAsset":null,"spriteAsset":null,"spriteFrame":0,"pixelsPerUnit":null,"width":0,"height":0,"margin":[0,-0.2,0,0.2],"alignment":[0.5,0.5],"outlineColor":[0,0,0,1],"outlineThickness":0,"shadowColor":[0,0,0,1],"shadowOffset":[0,0],"rect":[0,0,1,1],"materialAsset":null,"autoWidth":true,"autoHeight":true,"fitMode":"stretch","useInput":false,"batchGroupId":null,"mask":false,"layers":[4],"enableMarkup":false}}},"3ec3c500-10f3-44a4-9c5a-aecc654d62f7":{"name":"Roll1","tags":[],"enabled":true,"resource_id":"3ec3c500-10f3-44a4-9c5a-aecc654d62f7","parent":"0e40aac3-e51d-4c8e-84d1-204ca75b8bf9","children":[],"position":[-0.15,0.3,0],"rotation":[0,0,0],"scale":[0.3,0.3,0.3],"components":{"element":{"enabled":true,"type":"text","anchor":[0.5,0.5,0.5,0.5],"pivot":[0.5,0.5],"text":"Text","key":null,"fontAsset":null,"fontSize":32,"minFontSize":8,"maxFontSize":32,"autoFitWidth":false,"autoFitHeight":false,"maxLines":null,"lineHeight":32,"wrapLines":true,"spacing":1,"color":[1,1,1],"opacity":1,"textureAsset":null,"spriteAsset":null,"spriteFrame":0,"pixelsPerUnit":null,"width":0,"height":0,"margin":[-0.15,0.3,0.15,-0.3],"alignment":[0.5,0.5],"outlineColor":[0,0,0,1],"outlineThickness":0,"shadowColor":[0,0,0,1],"shadowOffset":[0,0],"rect":[0,0,1,1],"materialAsset":null,"autoWidth":true,"autoHeight":true,"fitMode":"stretch","useInput":false,"batchGroupId":null,"mask":false,"layers":[4],"enableMarkup":false}}},"50e6d3b0-d7ec-40a0-9d04-64d91ae7d87b":{"name":"Roll2","tags":[],"enabled":true,"resource_id":"50e6d3b0-d7ec-40a0-9d04-64d91ae7d87b","parent":"0e40aac3-e51d-4c8e-84d1-204ca75b8bf9","children":[],"position":[1.1500000953674316,0.3000001907348633,0],"rotation":[0,0,0],"scale":[0.3,0.3,0.3],"components":{"element":{"enabled":true,"type":"text","anchor":[0.5,0.5,0.5,0.5],"pivot":[0.5,0.5],"text":"Text","key":null,"fontAsset":null,"fontSize":32,"minFontSize":8,"maxFontSize":32,"autoFitWidth":false,"autoFitHeight":false,"maxLines":null,"lineHeight":32,"wrapLines":true,"spacing":1,"color":[1,1,1],"opacity":1,"textureAsset":null,"spriteAsset":null,"spriteFrame":0,"pixelsPerUnit":null,"width":0,"height":0,"margin":[1.1500000953674316,0.3000001907348633,-1.1500000953674316,-0.3000001907348633],"alignment":[0.5,0.5],"outlineColor":[0,0,0,1],"outlineThickness":0,"shadowColor":[0,0,0,1],"shadowOffset":[0,0],"rect":[0,0,1,1],"materialAsset":null,"autoWidth":true,"autoHeight":true,"fitMode":"stretch","useInput":false,"batchGroupId":null,"mask":false,"layers":[4],"enableMarkup":false}}},"f70f2e25-2319-4b5a-8ff9-2c75f87f540b":{"name":"Total","tags":[],"enabled":true,"resource_id":"f70f2e25-2319-4b5a-8ff9-2c75f87f540b","parent":"0e40aac3-e51d-4c8e-84d1-204ca75b8bf9","children":[],"position":[0,-0.2,0],"rotation":[0,0,0],"scale":[0.3,0.3,0.3],"components":{"element":{"enabled":true,"type":"text","anchor":[0.5,0.5,0.5,0.5],"pivot":[0.5,0.5],"text":"Text","key":null,"fontAsset":null,"fontSize":32,"minFontSize":8,"maxFontSize":32,"autoFitWidth":false,"autoFitHeight":false,"maxLines":null,"lineHeight":32,"wrapLines":true,"spacing":1,"color":[1,1,1],"opacity":1,"textureAsset":null,"spriteAsset":null,"spriteFrame":0,"pixelsPerUnit":null,"width":0,"height":0,"margin":[0,-0.2,0,0.2],"alignment":[0.5,0.5],"outlineColor":[0,0,0,1],"outlineThickness":0,"shadowColor":[0,0,0,1],"shadowOffset":[0,0],"rect":[0,0,1,1],"materialAsset":null,"autoWidth":true,"autoHeight":true,"fitMode":"stretch","useInput":false,"batchGroupId":null,"mask":false,"layers":[4],"enableMarkup":false}}},"a0e1e10e-0df7-4496-af48-32829703ee11":{"name":"Roll1","tags":[],"enabled":true,"resource_id":"a0e1e10e-0df7-4496-af48-32829703ee11","parent":"7843435d-8dc6-4361-b3bd-b01a3973c1c7","children":[],"position":[-0.15,0.3,0],"rotation":[0,0,0],"scale":[0.3,0.3,0.3],"components":{"element":{"enabled":true,"type":"text","anchor":[0.5,0.5,0.5,0.5],"pivot":[0.5,0.5],"text":"Text","key":null,"fontAsset":null,"fontSize":32,"minFontSize":8,"maxFontSize":32,"autoFitWidth":false,"autoFitHeight":false,"maxLines":null,"lineHeight":32,"wrapLines":true,"spacing":1,"color":[1,1,1],"opacity":1,"textureAsset":null,"spriteAsset":null,"spriteFrame":0,"pixelsPerUnit":null,"width":0,"height":0,"margin":[-0.15,0.3,0.15,-0.3],"alignment":[0.5,0.5],"outlineColor":[0,0,0,1],"outlineThickness":0,"shadowColor":[0,0,0,1],"shadowOffset":[0,0],"rect":[0,0,1,1],"materialAsset":null,"autoWidth":true,"autoHeight":true,"fitMode":"stretch","useInput":false,"batchGroupId":null,"mask":false,"layers":[4],"enableMarkup":false}}},"fb322921-9212-41a7-b4a1-de7a1954ca0e":{"name":"Roll2","tags":[],"enabled":true,"resource_id":"fb322921-9212-41a7-b4a1-de7a1954ca0e","parent":"7843435d-8dc6-4361-b3bd-b01a3973c1c7","children":[],"position":[1.1500000953674316,0.3000001907348633,0],"rotation":[0,0,0],"scale":[0.3,0.3,0.3],"components":{"element":{"enabled":true,"type":"text","anchor":[0.5,0.5,0.5,0.5],"pivot":[0.5,0.5],"text":"Text","key":null,"fontAsset":null,"fontSize":32,"minFontSize":8,"maxFontSize":32,"autoFitWidth":false,"autoFitHeight":false,"maxLines":null,"lineHeight":32,"wrapLines":true,"spacing":1,"color":[1,1,1],"opacity":1,"textureAsset":null,"spriteAsset":null,"spriteFrame":0,"pixelsPerUnit":null,"width":0,"height":0,"margin":[1.1500000953674316,0.3000001907348633,-1.1500000953674316,-0.3000001907348633],"alignment":[0.5,0.5],"outlineColor":[0,0,0,1],"outlineThickness":0,"shadowColor":[0,0,0,1],"shadowOffset":[0,0],"rect":[0,0,1,1],"materialAsset":null,"autoWidth":true,"autoHeight":true,"fitMode":"stretch","useInput":false,"batchGroupId":null,"mask":false,"layers":[4],"enableMarkup":false}}},"49fb8c24-acc3-4260-8851-88190803b2fa":{"name":"Total","tags":[],"enabled":true,"resource_id":"49fb8c24-acc3-4260-8851-88190803b2fa","parent":"7843435d-8dc6-4361-b3bd-b01a3973c1c7","children":[],"position":[0,-0.2,0],"rotation":[0,0,0],"scale":[0.3,0.3,0.3],"components":{"element":{"enabled":true,"type":"text","anchor":[0.5,0.5,0.5,0.5],"pivot":[0.5,0.5],"text":"Text","key":null,"fontAsset":null,"fontSize":32,"minFontSize":8,"maxFontSize":32,"autoFitWidth":false,"autoFitHeight":false,"maxLines":null,"lineHeight":32,"wrapLines":true,"spacing":1,"color":[1,1,1],"opacity":1,"textureAsset":null,"spriteAsset":null,"spriteFrame":0,"pixelsPerUnit":null,"width":0,"height":0,"margin":[0,-0.2,0,0.2],"alignment":[0.5,0.5],"outlineColor":[0,0,0,1],"outlineThickness":0,"shadowColor":[0,0,0,1],"shadowOffset":[0,0],"rect":[0,0,1,1],"materialAsset":null,"autoWidth":true,"autoHeight":true,"fitMode":"stretch","useInput":false,"batchGroupId":null,"mask":false,"layers":[4],"enableMarkup":false}}},"3d0b7467-79d8-4ae3-9823-eaa088282379":{"name":"Roll1","tags":[],"enabled":true,"resource_id":"3d0b7467-79d8-4ae3-9823-eaa088282379","parent":"e2bd2147-ecbd-4e57-ad74-c41d7dd2dba1","children":[],"position":[-0.15,0.3,0],"rotation":[0,0,0],"scale":[0.3,0.3,0.3],"components":{"element":{"enabled":true,"type":"text","anchor":[0.5,0.5,0.5,0.5],"pivot":[0.5,0.5],"text":"Text","key":null,"fontAsset":null,"fontSize":32,"minFontSize":8,"maxFontSize":32,"autoFitWidth":false,"autoFitHeight":false,"maxLines":null,"lineHeight":32,"wrapLines":true,"spacing":1,"color":[1,1,1],"opacity":1,"textureAsset":null,"spriteAsset":null,"spriteFrame":0,"pixelsPerUnit":null,"width":0,"height":0,"margin":[-0.15,0.3,0.15,-0.3],"alignment":[0.5,0.5],"outlineColor":[0,0,0,1],"outlineThickness":0,"shadowColor":[0,0,0,1],"shadowOffset":[0,0],"rect":[0,0,1,1],"materialAsset":null,"autoWidth":true,"autoHeight":true,"fitMode":"stretch","useInput":false,"batchGroupId":null,"mask":false,"layers":[4],"enableMarkup":false}}},"7a69c2cc-fa8a-410c-8193-377bc8635c11":{"name":"Roll2","tags":[],"enabled":true,"resource_id":"7a69c2cc-fa8a-410c-8193-377bc8635c11","parent":"e2bd2147-ecbd-4e57-ad74-c41d7dd2dba1","children":[],"position":[1.1500000953674316,0.3000001907348633,0],"rotation":[0,0,0],"scale":[0.3,0.3,0.3],"components":{"element":{"enabled":true,"type":"text","anchor":[0.5,0.5,0.5,0.5],"pivot":[0.5,0.5],"text":"Text","key":null,"fontAsset":null,"fontSize":32,"minFontSize":8,"maxFontSize":32,"autoFitWidth":false,"autoFitHeight":false,"maxLines":null,"lineHeight":32,"wrapLines":true,"spacing":1,"color":[1,1,1],"opacity":1,"textureAsset":null,"spriteAsset":null,"spriteFrame":0,"pixelsPerUnit":null,"width":0,"height":0,"margin":[1.1500000953674316,0.3000001907348633,-1.1500000953674316,-0.3000001907348633],"alignment":[0.5,0.5],"outlineColor":[0,0,0,1],"outlineThickness":0,"shadowColor":[0,0,0,1],"shadowOffset":[0,0],"rect":[0,0,1,1],"materialAsset":null,"autoWidth":true,"autoHeight":true,"fitMode":"stretch","useInput":false,"batchGroupId":null,"mask":false,"layers":[4],"enableMarkup":false}}},"09dab511-9768-4ec1-a432-4c62c1b4bad3":{"name":"Total","tags":[],"enabled":true,"resource_id":"09dab511-9768-4ec1-a432-4c62c1b4bad3","parent":"e2bd2147-ecbd-4e57-ad74-c41d7dd2dba1","children":[],"position":[0,-0.2,0],"rotation":[0,0,0],"scale":[0.3,0.3,0.3],"components":{"element":{"enabled":true,"type":"text","anchor":[0.5,0.5,0.5,0.5],"pivot":[0.5,0.5],"text":"Text","key":null,"fontAsset":null,"fontSize":32,"minFontSize":8,"maxFontSize":32,"autoFitWidth":false,"autoFitHeight":false,"maxLines":null,"lineHeight":32,"wrapLines":true,"spacing":1,"color":[1,1,1],"opacity":1,"textureAsset":null,"spriteAsset":null,"spriteFrame":0,"pixelsPerUnit":null,"width":0,"height":0,"margin":[0,-0.2,0,0.2],"alignment":[0.5,0.5],"outlineColor":[0,0,0,1],"outlineThickness":0,"shadowColor":[0,0,0,1],"shadowOffset":[0,0],"rect":[0,0,1,1],"materialAsset":null,"autoWidth":true,"autoHeight":true,"fitMode":"stretch","useInput":false,"batchGroupId":null,"mask":false,"layers":[4],"enableMarkup":false}}},"81ae3d1c-3447-4706-852a-e9e2aecb728c":{"name":"Roll1","tags":[],"enabled":true,"resource_id":"81ae3d1c-3447-4706-852a-e9e2aecb728c","parent":"68686347-9242-469d-94b0-a3ad1626c593","children":[],"position":[-0.15,0.3,0],"rotation":[0,0,0],"scale":[0.3,0.3,0.3],"components":{"element":{"enabled":true,"type":"text","anchor":[0.5,0.5,0.5,0.5],"pivot":[0.5,0.5],"text":"Text","key":null,"fontAsset":null,"fontSize":32,"minFontSize":8,"maxFontSize":32,"autoFitWidth":false,"autoFitHeight":false,"maxLines":null,"lineHeight":32,"wrapLines":true,"spacing":1,"color":[1,1,1],"opacity":1,"textureAsset":null,"spriteAsset":null,"spriteFrame":0,"pixelsPerUnit":null,"width":0,"height":0,"margin":[-0.15,0.3,0.15,-0.3],"alignment":[0.5,0.5],"outlineColor":[0,0,0,1],"outlineThickness":0,"shadowColor":[0,0,0,1],"shadowOffset":[0,0],"rect":[0,0,1,1],"materialAsset":null,"autoWidth":true,"autoHeight":true,"fitMode":"stretch","useInput":false,"batchGroupId":null,"mask":false,"layers":[4],"enableMarkup":false}}},"3fec00bc-c8ec-4cd8-9bc0-a66b195341aa":{"name":"Roll2","tags":[],"enabled":true,"resource_id":"3fec00bc-c8ec-4cd8-9bc0-a66b195341aa","parent":"68686347-9242-469d-94b0-a3ad1626c593","children":[],"position":[1.1500000953674316,0.3000001907348633,0],"rotation":[0,0,0],"scale":[0.3,0.3,0.3],"components":{"element":{"enabled":true,"type":"text","anchor":[0.5,0.5,0.5,0.5],"pivot":[0.5,0.5],"text":"Text","key":null,"fontAsset":null,"fontSize":32,"minFontSize":8,"maxFontSize":32,"autoFitWidth":false,"autoFitHeight":false,"maxLines":null,"lineHeight":32,"wrapLines":true,"spacing":1,"color":[1,1,1],"opacity":1,"textureAsset":null,"spriteAsset":null,"spriteFrame":0,"pixelsPerUnit":null,"width":0,"height":0,"margin":[1.1500000953674316,0.3000001907348633,-1.1500000953674316,-0.3000001907348633],"alignment":[0.5,0.5],"outlineColor":[0,0,0,1],"outlineThickness":0,"shadowColor":[0,0,0,1],"shadowOffset":[0,0],"rect":[0,0,1,1],"materialAsset":null,"autoWidth":true,"autoHeight":true,"fitMode":"stretch","useInput":false,"batchGroupId":null,"mask":false,"layers":[4],"enableMarkup":false}}},"82db32db-e2ae-4ee7-a2e9-ece341a63cd9":{"name":"Total","tags":[],"enabled":true,"resource_id":"82db32db-e2ae-4ee7-a2e9-ece341a63cd9","parent":"68686347-9242-469d-94b0-a3ad1626c593","children":[],"position":[0,-0.2,0],"rotation":[0,0,0],"scale":[0.3,0.3,0.3],"components":{"element":{"enabled":true,"type":"text","anchor":[0.5,0.5,0.5,0.5],"pivot":[0.5,0.5],"text":"Text","key":null,"fontAsset":null,"fontSize":32,"minFontSize":8,"maxFontSize":32,"autoFitWidth":false,"autoFitHeight":false,"maxLines":null,"lineHeight":32,"wrapLines":true,"spacing":1,"color":[1,1,1],"opacity":1,"textureAsset":null,"spriteAsset":null,"spriteFrame":0,"pixelsPerUnit":null,"width":0,"height":0,"margin":[0,-0.2,0,0.2],"alignment":[0.5,0.5],"outlineColor":[0,0,0,1],"outlineThickness":0,"shadowColor":[0,0,0,1],"shadowOffset":[0,0],"rect":[0,0,1,1],"materialAsset":null,"autoWidth":true,"autoHeight":true,"fitMode":"stretch","useInput":false,"batchGroupId":null,"mask":false,"layers":[4],"enableMarkup":false}}},"0c937940-48c8-40d2-b537-7deecb1d9c94":{"name":"Roll1","tags":[],"enabled":true,"resource_id":"0c937940-48c8-40d2-b537-7deecb1d9c94","parent":"6d26e699-4c5f-4124-a8bd-0c9152e0323f","children":[],"position":[-0.15,0.3,0],"rotation":[0,0,0],"scale":[0.3,0.3,0.3],"components":{"element":{"enabled":true,"type":"text","anchor":[0.5,0.5,0.5,0.5],"pivot":[0.5,0.5],"text":"Text","key":null,"fontAsset":null,"fontSize":32,"minFontSize":8,"maxFontSize":32,"autoFitWidth":false,"autoFitHeight":false,"maxLines":null,"lineHeight":32,"wrapLines":true,"spacing":1,"color":[1,1,1],"opacity":1,"textureAsset":null,"spriteAsset":null,"spriteFrame":0,"pixelsPerUnit":null,"width":0,"height":0,"margin":[-0.15,0.3,0.15,-0.3],"alignment":[0.5,0.5],"outlineColor":[0,0,0,1],"outlineThickness":0,"shadowColor":[0,0,0,1],"shadowOffset":[0,0],"rect":[0,0,1,1],"materialAsset":null,"autoWidth":true,"autoHeight":true,"fitMode":"stretch","useInput":false,"batchGroupId":null,"mask":false,"layers":[4],"enableMarkup":false}}},"d3478176-6555-4dbe-b67b-8f7f92bc2d57":{"name":"Roll2","tags":[],"enabled":true,"resource_id":"d3478176-6555-4dbe-b67b-8f7f92bc2d57","parent":"6d26e699-4c5f-4124-a8bd-0c9152e0323f","children":[],"position":[1.1500000953674316,0.3000001907348633,0],"rotation":[0,0,0],"scale":[0.3,0.3,0.3],"components":{"element":{"enabled":true,"type":"text","anchor":[0.5,0.5,0.5,0.5],"pivot":[0.5,0.5],"text":"Text","key":null,"fontAsset":null,"fontSize":32,"minFontSize":8,"maxFontSize":32,"autoFitWidth":false,"autoFitHeight":false,"maxLines":null,"lineHeight":32,"wrapLines":true,"spacing":1,"color":[1,1,1],"opacity":1,"textureAsset":null,"spriteAsset":null,"spriteFrame":0,"pixelsPerUnit":null,"width":0,"height":0,"margin":[1.1500000953674316,0.3000001907348633,-1.1500000953674316,-0.3000001907348633],"alignment":[0.5,0.5],"outlineColor":[0,0,0,1],"outlineThickness":0,"shadowColor":[0,0,0,1],"shadowOffset":[0,0],"rect":[0,0,1,1],"materialAsset":null,"autoWidth":true,"autoHeight":true,"fitMode":"stretch","useInput":false,"batchGroupId":null,"mask":false,"layers":[4],"enableMarkup":false}}},"83d478c6-a412-42b3-91f6-1d6bae31c2da":{"name":"Total","tags":[],"enabled":true,"resource_id":"83d478c6-a412-42b3-91f6-1d6bae31c2da","parent":"6d26e699-4c5f-4124-a8bd-0c9152e0323f","children":[],"position":[0,-0.2,0],"rotation":[0,0,0],"scale":[0.3,0.3,0.3],"components":{"element":{"enabled":true,"type":"text","anchor":[0.5,0.5,0.5,0.5],"pivot":[0.5,0.5],"text":"Text","key":null,"fontAsset":null,"fontSize":32,"minFontSize":8,"maxFontSize":32,"autoFitWidth":false,"autoFitHeight":false,"maxLines":null,"lineHeight":32,"wrapLines":true,"spacing":1,"color":[1,1,1],"opacity":1,"textureAsset":null,"spriteAsset":null,"spriteFrame":0,"pixelsPerUnit":null,"width":0,"height":0,"margin":[0,-0.2,0,0.2],"alignment":[0.5,0.5],"outlineColor":[0,0,0,1],"outlineThickness":0,"shadowColor":[0,0,0,1],"shadowOffset":[0,0],"rect":[0,0,1,1],"materialAsset":null,"autoWidth":true,"autoHeight":true,"fitMode":"stretch","useInput":false,"batchGroupId":null,"mask":false,"layers":[4],"enableMarkup":false}}}},"created":"2023-12-29T10:02:18.930Z","checkpoint_id":"473a43d3-0215-4b7a-8c6d-13bbfd6e3bdb","_type":"http://sharejs.org/types/JSONv0","_v":1,"_m":{"ctime":1703844138930,"mtime":1750536249839},"_o":"685710392df54fb97a8dbc87","id":"1926083"}}